PostcodeDistrict,CatsPerHousehold
AB10,0.164463242
AB11,0.206144554
AB12,0.300305714
AB13,1.145815261
AB14,1.008731754
AB15,0.531662339
AB16,0.41826069
AB21,0.508543723
AB22,0.271464033
AB23,0.225437944
AB24,0.108360603
AB25,0.103616651
AB30,1.330842308
AB31,0.600470433
AB32,0.164172192
AB33,0.789062664
AB34,0.841308532
AB35,0.446560902
AB36,0.615475983
AB37,1.050657781
AB38,1.144688694
AB39,0.643130631
AB41,0.813079352
AB42,0.627777558
AB43,0.832829334
AB44,1.252946493
AB45,0.5617469
AB51,0.822505715
AB52,1.916481858
AB53,1.625249084
AB54,0.493080865
AB55,0.946611635
AB56,0.120153073
AL1,0.159562031
AL10,0.290958154
AL2,0.752996867
AL3,0.338097727
AL4,0.277482578
AL5,0.362910869
AL6,0.87395077
AL7,0.30642059
AL8,0.465872942
AL9,1.261791382
B1,0.070297232
B10,0.076656292
B11,0.107417123
B12,0.085244762
B13,0.104947225
B14,0.153964707
B15,0.10834237
B16,0.100592352
B17,0.161067351
B18,0.094166413
B19,0.033513893
B2,0.12773665
B20,0.042826451
B21,0.050295624
B23,0.125224544
B24,0.149743808
B25,0.161494219
B26,0.143429092
B27,0.301264176
B28,0.202314854
B29,0.112884754
B3,0.083367874
B30,0.119464176
B31,0.160655572
B32,0.135815188
B33,0.141946571
B34,0.117742386
B35,0.173241757
B36,0.136006762
B37,0.248942921
B38,0.151080875
B4,0.054350549
B40,1.165093703
B42,0.134968266
B43,0.256355265
B44,0.195511907
B45,0.232416132
B46,0.664613501
B47,0.576984401
B48,0.577957231
B49,0.519712763
B5,0.077484299
B50,0.523992766
B6,0.035382792
B60,0.367553877
B61,0.402107724
B62,0.268346132
B63,0.215501788
B64,0.193882846
B65,0.301904541
B66,0.131219764
B67,0.118670827
B68,0.155011374
B69,0.224083276
B7,0.056462584
B70,0.120395922
B71,0.160847759
B72,0.137453337
B73,0.173327367
B74,0.245586607
B75,0.155197236
B76,0.137929045
B77,0.16855405
B78,0.395098488
B79,0.411624875
B8,0.062358566
B80,0.324235845
B9,0.086296887
B90,0.516020376
B91,0.615688932
B92,0.410990497
B93,0.333581739
B94,0.564611192
B95,0.261149553
B96,0.719839706
B97,0.365039719
B98,0.166707588
BA1,0.407478671
BA10,0.771927454
BA11,0.77660139
BA12,0.839206404
BA13,0.313826709
BA14,0.20826038
BA15,0.362766239
BA16,0.248139559
BA2,0.573299514
BA20,0.314024929
BA21,0.332165154
BA22,0.885763867
BA3,0.539025834
BA4,0.91984185
BA5,0.626094796
BA6,0.664595375
BA7,2.268248141
BA8,0.693823469
BA9,1.010895744
BB1,0.284003984
BB10,0.129254487
BB11,0.203059679
BB12,0.2239076
BB18,0.661197756
BB2,0.372126242
BB3,0.328592282
BB4,0.236221909
BB5,0.151253329
BB6,0.416254745
AB99,0
B99,0
BB7,0.556802075
BB8,0.622009836
BB9,0.449270006
BD1,0.110608772
BD10,0.385197682
BD11,1.016993783
BD12,0.164744432
BD13,0.108997984
BD14,0.100114063
BD15,0.19724113
BD16,0.265972274
BD17,0.420959603
BD18,0.573481318
BD19,0.357080112
BD2,0.342537153
BD20,1.088363902
BD21,0.458775162
BD22,0.174243398
BD23,0.772493362
BD24,1.738749423
BD3,0.371801992
BD4,0.364448626
BD5,0.107724429
BD6,0.1005404
BD7,0.105838931
BD8,0.154711534
BD9,0.239866813
BH1,0.222037787
BH10,0.296266422
BH11,0.261857902
BH12,0.239504116
BH13,0.185893546
BH14,0.274131815
BH15,0.24593802
BH16,0.252611354
BH17,0.292597309
BH18,0.362141992
BH19,0.291072785
BH2,0.212916829
BH20,0.963182521
BH21,0.906240404
BH22,0.337988526
BH23,0.432861128
BH24,1.182923974
BH25,0.392183932
BH3,0.4602308
BH31,0.793155989
BH4,0.145522669
BH5,0.186130107
BH6,0.19785914
BH7,0.207659745
BH8,0.2365306
BH9,0.293575591
BL0,0.167368163
BL1,0.153610384
BL2,0.323104361
BL3,0.145689821
BL4,0.156103405
BL5,0.260010692
BL6,0.33954508
BL7,0.219935023
BL8,0.288614664
BL9,0.307977134
BN1,0.393678702
BN10,0.371508736
BN11,0.42079423
BN12,0.336153478
BN13,0.603342338
BN14,0.888007863
BN15,0.544576365
BN16,0.623293673
BN17,0.274287837
BN18,0.577183356
BN2,0.352781871
BN20,0.713207785
BN21,0.223086095
BN22,0.325855762
BN23,0.481045062
BN24,0.454377523
BN25,0.374923862
BN26,0.491037728
BN27,0.354911759
BN3,0.251871085
BN41,0.330945317
BN42,0.626531065
BN43,0.720091682
BN44,0.626387782
BN45,1.823307603
BN5,0.639848826
BN6,0.331713317
BN7,0.546136197
BN8,0.978471173
BN9,0.411628055
BR1,0.147708136
BR2,0.123809021
BR3,0.110157651
BR4,0.117131686
BR5,0.226141618
BR6,0.277316056
BR7,0.150267848
BR8,0.236095815
BS1,0.302440883
BS10,0.247768402
BS11,0.281113542
BS13,0.307534305
BS14,0.814820097
BS15,0.275271927
BS16,0.310576344
BS2,0.319827308
BS20,0.560782723
BS21,0.327547033
BS22,0.369162021
BS23,0.444823956
BS24,0.509868468
BS25,0.867994372
BS26,0.907799491
BS27,1.44556222
BS28,2.940652942
BS29,0.443370058
BS3,0.287999095
BS30,0.424251473
BS31,0.28463869
BS32,0.472643749
BS34,0.315642193
BS35,0.323735349
BS36,0.376326477
BS37,0.206063463
BS39,0.596208829
BS4,0.624203811
BS40,2.116140296
BS41,0.359684867
BS48,0.766873235
BS49,0.468234809
BS5,0.256038874
BS6,0.27454612
BS7,0.209341496
BS8,0.286644827
BS9,0.21865513
CA1,0.612957893
CA10,1.082467102
BB94,0
BD97,0
BD98,0
BD99,0
BL11,0
BL78,0
BN50,0
BN88,0
BN99,0
BS98,0
BS99,0
CA11,0.787397152
CA12,0.831068472
CA13,0.642564032
CA14,0.353398329
CA15,0.284353991
CA16,0.818320068
CA17,1.127693459
CA18,0.779547861
CA19,0.919717715
CA2,0.318944856
CA20,0.688879492
CA21,0.702627797
CA22,0.740883482
CA23,0.677988541
CA24,0.543094403
CA25,0.526473741
CA26,0.504749317
CA27,0.690458861
CA28,0.34298471
CA3,1.130967737
CA4,1.295030533
CA5,1.584534206
CA6,2.002030971
CA7,0.748390426
CA8,1.395701557
CA9,1.555498211
CB1,0.326789319
CB10,0.603851803
CB11,0.521683556
CB2,0.261425093
CB21,1.0742819
CB22,0.381599648
CB23,0.806529318
CB24,0.692578716
CB25,0.855067227
CB3,1.133966344
CB4,0.354336884
CB5,1.265066074
CB6,0.296852411
CB7,0.336627603
CB8,1.556349329
CB9,0.339820504
CF10,0.111689762
CF11,0.186283793
CF14,0.371616841
CF15,0.306222273
CF23,0.297778944
CF24,0.146829772
CF3,0.230631636
CF31,0.507773567
CF32,0.226712526
CF33,0.41917968
CF34,0.445557755
CF35,0.473047518
CF36,0.558922728
CF37,0.12659169
CF38,0.159054137
CF39,0.119330294
CF40,0.069440914
CF41,0.062671018
CF42,0.057765488
CF43,0.13580929
CF44,0.091403647
CF45,0.396951692
CF46,0.175029194
CF47,0.375620061
CF48,0.34108072
CF5,0.341797265
CF61,0.332285224
CF62,0.220377189
CF63,0.196083579
CF64,0.190389939
CF71,0.428489608
CF72,0.454199885
CF81,0.21244833
CF82,0.191059077
CF83,0.252202568
CH1,0.367043801
CH2,0.583409363
CH3,0.532003413
CH4,0.559209173
CH41,0.18716721
CH42,0.290389739
CH43,0.227467332
CH44,0.265358866
CH45,0.32970439
CH46,0.25328998
CH47,0.556903813
CH48,0.40349205
CH49,0.291759396
CH5,1.048966458
CH6,0.61405113
CH60,0.772343426
CH61,0.578451863
CH62,0.152570953
CH63,0.397168846
CH64,1.149431394
CH65,0.211527271
CH66,0.576692107
CH7,0.738767578
CH8,1.17360815
CM0,0.646615395
CM1,0.274592783
CM11,0.220745814
CM12,0.307553292
CM13,0.337749704
CM14,0.134351471
CM15,0.418928301
CM16,0.612712024
CM17,0.290638919
CM18,0.076302964
CM19,0.199935791
CM2,0.43880511
CM20,0.55313387
CM21,0.699060993
CM22,0.601493787
CM23,0.574991441
CM24,0.766500534
CM3,0.45825554
CM4,0.748915255
CM5,0.81683828
CM6,0.647594883
CM7,0.302477042
CM77,0.469924488
CM8,0.334668291
CM9,0.661441882
CO1,0.52739711
CO10,0.493331624
CO11,0.212305309
CO12,0.258629279
CO13,0.087853809
CO14,0.079161304
CO15,0.169130117
CO16,0.322877676
CO2,0.320803755
CO3,0.285882167
CO4,0.305442037
CO5,0.64471745
CO6,0.565792044
CO7,0.435619671
CO8,1.535842126
CO9,0.698101403
CR0,0.12253422
CR2,0.163456179
CR3,0.677867221
CR4,0.126716228
CR5,0.358878985
CR6,0.167214656
CR7,0.046205395
CR8,0.147129372
CT1,0.471123682
CT10,0.181884627
CT11,0.118494857
CT12,0.411227903
CT13,0.607500214
CT14,0.614439816
CT15,0.637970403
CT16,0.653106478
CT17,0.484245832
CT18,0.340286234
CT19,0.537315987
CT2,0.19176568
CT20,0.390230451
CT21,0.21649707
CT3,0.807944116
CT4,0.53402333
CT5,0.52085715
CT6,0.682559694
CT7,0.362971227
CT8,0.320340651
CT9,0.249190289
CV1,0.180230044
CV10,0.21248186
CV11,0.349959062
CV12,0.138588361
CV13,0.312609594
CV2,0.108547656
CV21,0.322248333
CV22,0.361725853
CV23,0.351691595
CV3,0.154472037
CV31,0.397166095
CV32,0.58918722
CV33,0.697729812
CV34,0.288508036
CV35,0.532418165
CV36,0.607483738
CV37,0.461591785
CV4,0.464988495
CV47,0.512589489
CV5,0.321739861
CV6,0.227934556
CV7,0.503815207
CV8,0.465967917
CV9,0.604556294
CW1,0.565202958
CW10,0.235968169
CW11,0.456605955
CW12,1.036191564
CW2,0.290183434
CW3,0.450183815
CW4,0.581933893
CW5,0.916435564
CW6,0.768852785
CW7,0.323058429
CW8,0.165251234
CW9,0.230471732
DA1,0.234504962
DA10,0.259166354
DA11,0.362354515
DA12,0.065538259
DA13,0.739847338
DA14,0.705300721
DA15,0.168704257
DA16,0.133042377
DA17,0.117995484
DA18,0.114264111
DA2,0.282800816
DA3,0.85107518
DA4,0.450116855
DA5,0.263839356
DA6,0.179343636
DA7,0.141800656
DA8,0.112900551
DA9,0.215027551
DD1,0.104910001
DD10,0.818331156
DD11,0.266299865
DD2,0.25060991
DD3,0.212090827
DD4,0.237854427
DD5,0.688419395
DD6,0.577858657
DD7,0.630131109
DD8,0.682031997
DD9,0.306388672
DE1,0.757814352
DE11,0.240474972
DE12,0.294997778
DE13,0.910271101
DE14,0.553710676
DE15,0.6101754
DE21,0.33685154
DE22,0.20458093
DE23,0.2967441
DE24,0.285088807
DE3,0.6198295
DE4,0.833920838
DE45,0.731112264
DE5,0.627400263
DE55,0.280238816
DE56,0.647855319
DE6,0.749624832
DE65,1.197568308
DE7,0.304139997
DE72,0.161654781
DE73,0.162918251
DE74,0.528429821
DE75,0.550324508
DG1,0.715485871
DG10,0.496503415
DG11,1.467063965
DG12,0.987454718
DG13,1.88643599
DG14,0.941267185
DG16,0.672455617
DG2,0.260920826
DG3,2.180124946
DG4,2.141649743
DG5,0.7641044
DG6,0.392163711
DG7,1.242679868
DG8,0.760807548
DG9,0.605340323
DH1,0.38109464
DH2,0.502339423
DH3,0.50040101
DH4,0.223065999
DH5,0.168954349
DH6,0.18217241
DH7,0.27554215
DH8,0.183891315
DH9,0.126012326
DL1,0.196107916
DL10,0.58398801
DL11,1.813191116
DL12,0.866451417
DL13,0.204425137
DL14,0.385999042
DL15,0.213685498
DL16,0.19406078
DL17,0.137971976
DL2,0.738437518
DL3,0.159081461
DL4,0.213277982
DL5,0.269849329
DL6,1.159847887
DL7,0.756660538
DL8,1.856077621
DL9,0.499397049
DN1,0.241758006
DN10,0.33481938
DN11,0.121421831
DN12,0.141053165
DN14,0.412275423
DN15,0.743388205
DN16,0.19139918
DN17,0.382050985
DN18,0.481614945
DN19,0.493884222
DN2,0.293983387
DN20,0.389996069
DN21,0.120482323
DN22,0.382147995
DN3,0.201951472
DN31,0.540892975
DN32,0.304108417
DN33,0.159395513
DN34,0.207441932
DN35,0.183281288
DN36,0.399876438
DN37,0.2767128
DN38,0.455257418
DN39,0.807990161
DN4,0.167549316
DN40,0.284229941
DN41,0.398195304
DN5,0.220407404
DN6,0.311672537
DN7,0.115680049
DN8,0.347709395
DN9,0.594084713
DT1,0.771774713
DT10,1.259300875
DT11,1.089455613
DT2,0.66753152
DT3,0.610003306
DT4,0.449549908
DT5,0.551800566
DT6,0.578095675
DT7,0.191995329
DT8,0.997433162
DT9,0.760734024
DY1,0.27994245
DY10,0.537981902
DY11,0.34148605
DY12,0.52927254
DY13,0.424334785
DY14,1.156178598
DY2,0.286300892
DY3,0.200142643
DY4,0.147529507
DY5,0.152392677
DY6,0.124049078
DY7,0.438245432
DY8,0.243667923
DY9,0.417970903
E1,0.042099462
E10,0.087197092
E11,0.225057233
E12,0.06998625
E13,0.044197134
E14,0.072197762
E15,0.075603373
E16,0.108207535
E17,0.072317178
E18,0.162719315
E1W,0.04094674
E2,0.052140327
E20,0.064221844
E3,0.129103852
E4,0.278404698
E5,0.036255469
E6,0.089858284
E7,0.090793004
E8,0.068837847
E9,0.044240838
EC1A,0.023239379
EC1M,0.064344977
EC1N,0.035872968
EC1R,0.071249947
EC1V,0.059016662
EC1Y,0.038436712
EC2A,0.161567912
EC2M,0.183449106
EC2N,0.400066436
EC2P,0.567534514
EC2R,0.309168559
EC2V,0.241495352
EC2Y,0.010457387
EC3A,0.186797375
EC3M,0.286402619
EC3N,0.082869229
EC3R,0.096505354
EC3V,0.181248993
EC4A,0.027496099
EC4M,0.064447008
EC4N,0.358233083
EC4R,0.172003499
EC4V,0.038391306
EC4Y,0.083090198
EH1,0.241803083
EH10,0.346252636
EH11,0.218163749
EH12,0.212007147
EH13,0.280754782
EH14,0.26294698
EH15,0.354844788
EH16,0.300634068
EH17,0.321128728
EH18,1.078764748
EH19,0.498120222
EH2,0.597221743
EH20,1.720072095
EH21,0.5316633
EH22,0.355410439
EH23,1.214989812
EH24,0.594995824
EH25,5.212125539
EH26,0.51085906
EH27,0.179482791
EH28,1.160879695
EH29,1.207931608
EH3,0.221506442
EH30,0.597906113
EH31,0.919247299
EH32,0.612259697
EH33,0.870044076
EH34,0.761087219
EH35,0.553217759
EH36,0.523570261
EH37,0.40954864
EH38,1.426383774
EH39,0.921860259
EH4,0.316583873
EH40,0.370341854
EH41,0.320992495
EH42,0.59595415
EH43,0.590331441
EH44,0.583421246
EH45,0.86329091
EH46,0.571253994
EH47,0.087642267
EH48,0.100102226
EH49,0.351218456
EH5,0.260770616
EH51,0.296575662
EH52,0.186675358
EH53,0.248301247
EH54,0.317518881
EH55,0.542892254
EH6,0.250104217
EH7,0.120218057
EH8,0.121773868
EH9,0.279349926
EN1,0.252878021
EN10,0.66854513
EN11,0.402089243
EN2,0.202073666
EN3,0.206864948
EN4,0.237785039
EN5,0.185129373
EN6,1.115381646
EN7,0.358657293
EN8,0.238280425
EN9,0.458235741
EX1,0.287597215
EX10,0.644082588
EX11,0.732788616
EX12,0.681208433
EX13,0.709931501
EX14,0.741308698
EX15,1.122376402
EX16,0.742318611
EX17,1.012963922
EX18,0.485994825
EX19,1.141837069
EX2,0.27718066
EX20,1.012882828
EX21,1.13950954
CA95,0
CA99,0
CF91,0
CF95,0
CF99,0
CH70,0
CH88,0
CH99,0
CM92,0
CM98,0
CR9,0
CT50,0
DE99,0
DH97,0
DH99,0
DL98,0
DN55,0
E98,0
EC3P,0
EH91,0
EH99,0
EX22,1.946335908
EX23,1.113297261
EX24,0.697779304
EX3,0.407753219
EX31,1.719408578
EX32,0.537000951
EX33,0.816956526
EX34,1.240168046
EX35,1.944737306
EX36,1.723099448
EX37,0.722802397
EX38,0.20434307
EX39,0.971334515
EX4,0.358391433
EX5,0.470204517
EX6,1.436920812
EX7,0.285069909
EX8,0.528785021
EX9,0.574678391
FK1,0.223507116
FK10,0.17072484
FK11,0.275150979
FK12,0.183750502
FK13,0.182175613
FK14,0.256408012
FK15,0.972626482
FK16,1.026797784
FK17,1.041054701
FK18,0.952037497
FK19,0.698975225
FK2,0.267116884
FK20,0.275791072
FK21,0.666839529
FK3,0.11318004
FK4,0.128165934
FK5,0.078447603
FK6,0.342676352
FK7,0.718699103
FK8,0.440569902
FK9,0.366210084
FY1,0.122041175
FY2,0.169399646
FY3,0.132592273
FY4,0.124941991
FY5,0.347713803
FY6,0.481732954
FY7,0.218620958
FY8,0.39773592
G1,0.22196678
G11,0.256603237
G12,0.389275601
G13,0.397473958
G14,0.304510699
G15,0.128844982
G2,0.657896004
G20,0.169045896
G21,0.104215795
G22,0.108381944
G23,0.096326105
G3,0.402163703
G31,0.109621222
G32,0.083614525
G33,0.102714699
G34,0.094227558
G4,0.148713189
G40,0.126591726
G41,0.433499569
G42,0.192529427
G43,0.362128541
G44,0.153710195
G45,0.186303854
G46,0.150867893
G5,0.217968653
G51,0.360404437
G52,0.21757115
G53,0.208799084
G60,0.095747926
G61,0.553339627
G62,0.47672464
G63,0.717043295
G64,0.327666605
G65,0.328003187
G66,0.220828198
G67,0.205799813
G68,0.196895163
G69,0.121878454
G71,0.224840126
G72,0.210873661
G73,0.184900343
G74,0.133389453
G75,0.191575008
G76,0.59055603
G77,0.302643208
G78,0.073013108
G81,0.084931677
G82,0.3191651
G83,0.127242193
G84,0.350743844
GL1,0.165251276
GL10,0.698547802
GL11,0.793674789
GL12,0.525940104
GL13,0.94079262
GL14,0.440418962
GL15,0.774993123
GL16,0.452976915
GL17,0.354658078
GL18,0.543203055
GL19,0.78902137
GL2,0.746622608
GL20,0.862686776
GL3,0.479788373
GL4,0.419745837
GL5,0.719046445
GL50,0.650881559
GL51,0.518638003
GL52,0.501468179
GL53,0.32921126
GL54,0.685009527
GL55,0.816347708
GL56,1.244708777
GL6,0.409019478
GL7,0.63729704
GL8,1.151376485
GL9,0.52138407
GU1,0.535788485
GU10,0.649838374
GU11,0.261272995
GU12,0.307832623
GU14,0.383784743
GU15,0.434667849
GU16,0.358953091
GU17,0.456726908
GU18,0.368986658
GU19,0.502786556
GU2,0.475979145
GU20,0.806586909
GU21,0.39151923
GU22,0.27017581
GU23,0.445127586
GU24,0.624176845
GU25,0.52815967
GU26,0.908634541
GU27,0.535445095
GU28,0.733992088
GU29,0.875660662
GU3,0.85196458
GU30,0.883034067
GU31,0.846077838
GU32,0.688673204
GU33,0.23902305
GU34,0.470819961
GU35,0.57459098
GU4,0.35201083
GU46,0.678961731
GU47,0.385109377
GU5,0.288714802
GU51,0.501156398
GU52,0.292443785
GU6,0.824118619
GU7,1.222846862
GU8,0.919288779
GU9,0.564145911
HA0,0.077031919
HA1,0.121073935
HA2,0.078842845
HA3,0.127911221
HA4,0.271704918
HA5,0.382260288
HA6,0.355946992
HA7,0.501606405
HA8,0.128782585
HA9,0.075120606
HD1,0.291888215
HD2,0.250760513
HD3,0.218777155
HD4,0.322779403
HD5,0.152694405
HD6,0.484227171
HD7,0.183854379
HD8,0.365307631
HD9,0.251482511
HG1,0.385898461
HG2,0.332153316
HG3,0.507925103
HG4,1.143413633
HG5,0.444459297
HP1,0.307504042
HP10,0.487781431
HP11,0.409096676
HP12,0.381552244
HP13,0.234297708
HP14,0.858894834
HP15,0.156864988
HP16,0.370183506
HP17,0.445188109
HP18,0.637985176
HP19,0.220941986
HP2,0.295912209
HP20,0.387312179
HP21,0.302252605
HP22,0.912444888
HP23,0.225393116
HP27,0.698272174
HP3,0.208511982
HP4,0.388161625
HP5,0.428945587
HP6,0.432597824
HP7,0.433763168
HP8,0.355567522
HP9,0.487153813
HR1,0.518820301
HR2,0.647288426
HR3,1.33247831
HR4,0.412317133
HR5,0.69226631
HR6,0.968664538
HR7,0.429974882
HR8,0.609247232
HR9,0.532023905
HS1,0.076993847
HS2,0.075664982
HS3,0.074813292
HS4,0.078548155
HS5,0.074720898
HS6,0.546537698
HS7,0.541948236
HS8,0.538794898
HS9,2.001494958
HU1,0.742988343
HU10,0.820284831
HU11,0.537219042
HU12,0.563369195
HU13,0.261380194
HU14,1.389737183
HU15,0.592162917
HU16,0.71304486
HU17,0.39812983
HU18,0.386684221
HU19,0.221120293
HU2,0.46473997
HU20,0.84603579
HU3,0.463801938
HU4,0.194293741
HU5,0.330367628
HU6,0.391479621
HU7,0.148483246
HU8,0.307067046
HU9,0.419949904
HX1,0.458088551
HX2,0.364719526
HX3,0.389607384
HX4,1.524214011
HX5,0.554109225
HX6,0.887296577
HX7,0.292291262
IG1,0.075341528
IG10,0.173915579
IG11,0.090697981
IG2,0.113916823
IG3,0.154637222
IG4,0.182763255
IG5,0.144535962
IG6,0.089819311
IG7,0.105404678
IG8,0.276933238
IG9,0.327764182
IP1,0.277000884
IP10,0.840886515
IP11,0.347039663
IP12,0.525566514
IP13,0.773848089
IP14,0.823836705
IP15,0.135866793
IP16,0.137217832
IP17,0.507541191
IP18,1.012085648
IP19,0.587393778
IP2,0.321623761
IP20,0.932723294
IP21,1.030031601
IP22,0.803285496
IP23,1.150304599
IP24,0.462693108
IP25,0.301170931
IP26,0.272391935
IP27,0.277470093
IP28,0.462277823
IP29,1.236870125
IP3,0.456978458
IP30,0.253803678
IP31,0.555545114
IP32,0.607605594
IP33,0.227386946
IP4,0.264434726
IP5,0.513107518
IP6,0.364551357
IP7,0.423810724
IP8,0.660605847
IP9,1.350184052
IV1,0.274555609
IV10,0.151907139
IV11,0.145828985
IV12,0.421599714
IV13,0.387799074
IV14,0.339821264
IV15,0.327839293
IV16,1.003573016
IV17,1.362604846
IV18,1.650934928
IV19,1.460272615
IV2,0.385964826
IV20,0.495966466
IV21,1.810281276
IV22,1.741887481
IV23,0.748262996
IV24,1.135434016
IV25,1.030191135
IV26,0.370863414
IV27,0.555454056
IV28,0.532203977
IV3,0.338473738
IV30,0.386951053
IV31,0.34798509
IV32,0.333359203
IV36,0.705955705
IV4,0.327731678
IV40,0.326333102
IV41,0.29721631
IV42,0.582532928
IV43,0.557212965
IV44,0.568472102
IV45,0.571615658
IV46,0.583442784
IV47,0.455732673
IV48,0.434854438
IV49,0.573527021
IV5,0.393521695
IV51,0.74781982
IV52,0.306816481
IV53,0.314616046
IV54,0.424556183
IV55,0.811296176
IV56,1.180919757
IV6,0.326624097
IV63,0.391186904
IV7,0.321745908
IV8,0.165702827
IV9,0.153644383
KA1,0.167505278
KA10,0.349048775
KA11,0.113777582
KA12,0.703782033
KA13,0.561839262
KA14,0.354792888
KA15,0.272894153
KA16,0.267345372
KA17,0.272625716
KA18,0.42603488
KA19,1.37335959
KA2,0.352776736
KA20,0.261843771
KA21,0.178216071
KA22,0.184224117
KA23,1.916967877
KA24,0.480994991
KA25,0.238801754
KA26,0.599365746
KA27,0.275101107
KA28,0.387364312
KA29,0.400431133
KA3,0.10815042
KA30,0.379310232
KA4,0.270985527
KA5,1.169540688
KA6,0.160182311
KA7,0.337269967
KA8,0.277865966
KA9,0.377865767
KT1,0.220904575
KT10,0.293163323
KT11,0.404553112
KT12,0.340855679
KT13,0.352362379
KT14,0.207817227
KT15,0.210841348
KT16,0.20491077
KT17,0.427542713
KT18,0.333818758
KT19,0.299894529
KT2,0.212439629
KT20,0.282963774
KT21,0.17601682
KT22,0.208492262
KT23,0.370164999
KT24,0.81706647
KT3,0.263948212
KT4,0.308062161
KT5,0.154279654
KT6,0.15217737
KT7,0.300209687
KT8,0.311100729
KT9,0.176250903
KW1,0.545600248
KW10,0.528259907
KW11,0.652754032
KW12,0.642496017
KW13,0.652754032
KW14,0.66780828
KW15,1.522611255
KW16,1.98340148
KW17,1.137988626
KW2,0.533676424
KW3,0.529643907
KW5,0.550480371
KW6,0.523135846
KW7,0.53256565
KW8,0.547429899
KW9,0.535998677
KY1,0.58203913
KY10,0.565060787
KY11,0.154405978
KY12,0.12925597
KY13,0.866101425
KY14,0.865215688
KY15,0.870030591
KY16,0.512723156
KY2,0.25498586
KY3,0.860547999
KY4,0.553808296
KY5,0.25660326
KY6,0.372328218
KY7,0.274875535
KY8,0.386636237
KY9,0.53944625
L1,0.160482207
L10,0.322620673
L11,0.120205052
L12,0.190395139
L13,0.151757642
L14,0.255159016
L15,0.142876758
L16,0.181674633
L17,0.211966557
L18,0.47406075
L19,0.591850311
L2,0.286856424
L20,0.10412877
L21,0.081698234
L22,0.049760998
L23,0.057889172
L24,0.211625365
L25,0.180957861
L26,0.167937489
L27,0.155044114
L28,0.086956915
L29,0.240845463
L3,0.095046776
L30,0.16501316
L31,0.203696835
L32,0.262598819
L33,0.224138083
L34,0.168341173
L35,0.133739018
L36,0.157505156
L37,0.433610631
L38,0.686645567
L39,0.228842105
L4,0.10962615
L40,0.648427867
L5,0.141104013
L6,0.138742914
L7,0.148435912
L8,0.127577689
L9,0.180606546
LA1,0.449232281
LA10,0.920680414
LA11,0.580682758
LA12,0.532115937
LA13,0.394210058
LA14,0.210050932
LA15,0.182106624
LA16,0.249073093
LA17,2.301637496
LA18,0.893368951
FY0,0
G58,0
G70,0
G79,0
G90,0
GU95,0
IP98,0
IV99,0
KY99,0
L67,0
L69,0
L70,0
L71,0
L72,0
L74,0
L75,0
LA19,0.860767261
LA2,0.768956699
LA20,2.292833937
LA21,0.817208557
LA22,0.576806267
LA23,0.436951598
LA3,0.252607507
LA4,0.191186697
LA5,0.737202973
LA6,2.009817993
LA7,0.515455914
LA8,0.584212216
LA9,0.637532719
LD1,0.904909255
LD2,0.538067048
LD3,1.052203203
LD4,0.481365674
LD5,0.596283171
LD6,0.507545291
LD7,1.166965336
LD8,0.452690719
LE1,0.121580471
LE10,0.266865126
LE11,0.118148023
LE12,0.42139558
LE13,0.475746002
LE14,0.538637461
LE15,1.114012301
LE16,0.76264302
LE17,0.312108953
LE18,0.363556518
LE19,0.304434252
LE2,0.226157115
LE3,0.184357995
LE4,0.084137103
LE5,0.090746062
LE6,0.155462889
LE65,0.316350578
LE67,0.204597756
LE7,0.114443616
LE8,0.348469912
LE9,0.230904985
LL11,0.335401345
LL12,0.682038525
LL13,0.717332038
LL14,0.262833988
LL15,1.569302073
LL16,1.681020935
LL17,0.332055294
LL18,0.322863373
LL19,0.338588033
LL20,0.569007145
LL21,0.752940263
LL22,0.496142428
LL23,3.868963028
LL24,1.146644852
LL25,1.148048808
LL26,1.103310874
LL27,1.18067987
LL28,0.415002495
LL29,0.54605728
LL30,0.573559986
LL31,0.855479044
LL32,0.788906965
LL33,0.995186133
LL34,1.037963743
LL35,0.834588452
LL36,1.485284613
LL37,2.699984064
LL38,1.05037322
LL39,0.969419679
LL40,1.073809952
LL41,1.101156599
LL42,1.064680339
LL43,0.991795139
LL44,0.99907388
LL45,1.082906248
LL46,1.082671293
LL47,0.234772356
LL48,0.237600409
LL49,0.236299541
LL51,0.246982992
LL52,0.234766169
LL53,0.236226492
LL54,0.365637544
LL55,0.403091895
LL56,0.3703532
LL57,0.546726103
LL58,0.575271219
LL59,0.59973436
LL60,0.8688025
LL61,0.640192349
LL62,1.162789067
LL63,1.218449121
LL64,1.181081392
LL65,0.829596975
LL66,0.851209484
LL67,0.747569102
LL68,0.80578901
LL69,0.846216159
LL70,0.79872177
LL71,0.8708885
LL72,0.778584698
LL73,0.858287229
LL74,0.575595763
LL75,0.628212853
LL76,0.501429384
LL77,0.596315942
LL78,0.585221744
LN1,0.444709818
LN10,0.494376717
LN11,0.644853472
LN12,0.337053114
LN13,0.535843749
LN2,0.264729034
LN3,0.418965552
LN4,0.566154892
LN5,0.222309013
LN6,0.282837314
LN7,0.268724861
LN8,0.755096217
LN9,0.344518489
LS1,0.128552753
LS10,0.114841654
LS11,0.107254845
LS12,0.436137812
LS13,0.26404411
LS14,0.092804704
LS15,0.129209659
LS16,0.623681096
LS17,0.664054525
LS18,0.59260842
LS19,0.272950768
LS2,0.10394305
LS20,0.36916162
LS21,0.792974531
LS22,0.529664481
LS23,0.660481892
LS24,0.367395939
LS25,0.370276615
LS26,0.300612041
LS27,0.788486378
LS28,0.430782246
LS29,0.466288262
LS3,0.113034399
LS4,0.094018626
LS5,0.190529464
LS6,0.323135118
LS7,0.286779413
LS8,0.152429179
LS9,0.074510002
LU1,0.20244866
LU2,0.239242897
LU3,0.252602954
LU4,0.138081776
LU5,0.216065204
LU6,0.162011469
LU7,0.429701329
M1,0.071139345
M11,0.07113945
M12,0.059699106
M13,0.087599481
M14,0.176211804
M15,0.157803953
M16,0.296888543
M17,0.711048296
M18,0.104512928
M19,0.109051814
M2,1.020903468
M20,0.143119349
M21,0.193911015
M22,0.192834399
M23,0.172827047
M24,0.117376721
M25,0.083196143
M26,0.183187224
M27,0.285413457
M28,0.14763834
M29,0.182312978
M3,0.073923212
M30,0.154470969
M31,0.396215178
M32,0.177185144
M33,0.211216535
M34,0.206154432
M35,0.050332388
M38,0.129732412
M4,0.039674184
M40,0.058423317
M41,0.211208648
M43,0.109030905
M44,0.251721098
M45,0.123026767
M46,0.157125833
M5,0.108236282
M50,0.070109063
M6,0.088388493
M7,0.080364592
M8,0.071345317
M9,0.065202423
M90,0.262391962
ME1,0.399473813
ME10,0.30862412
ME11,0.442390448
ME12,0.186653059
ME13,0.546781282
ME14,0.699623237
ME15,0.345357456
ME16,0.253171001
ME17,0.425939571
ME18,0.453383212
ME19,0.299388284
ME2,0.262422794
ME20,0.457888563
ME3,0.231962835
ME4,0.26160321
ME5,0.410804724
ME6,0.276270013
ME7,0.188486091
ME8,0.294662786
ME9,0.328223628
MK1,0.486979129
MK10,0.605578449
MK11,0.617628222
MK12,0.174272867
MK13,0.110562425
MK14,0.451587568
MK15,1.282738914
MK16,0.787862931
MK17,0.433111116
MK18,0.677599728
MK19,0.191304705
MK2,0.227945921
MK3,0.223373628
MK4,0.227230249
MK40,0.172992145
MK41,0.415593167
MK42,0.143808308
MK43,0.176470963
MK44,0.332987873
MK45,0.570846309
MK46,0.112142593
MK5,0.136716458
MK6,0.31069436
MK7,0.495104517
MK8,0.164770238
MK9,0.176790315
ML1,0.224676698
ML10,0.892092325
ML11,1.052652838
ML12,1.452015301
ML2,0.105198256
ML3,0.198463155
ML4,0.219322855
ML5,0.179223513
ML6,0.158116066
ML7,0.10566375
ML8,0.717054548
ML9,0.280415305
N1,0.145477665
N10,0.320095574
N11,0.165151902
N12,0.163600605
N13,0.101672926
N14,0.183639825
N15,0.063988717
N16,0.058982875
N17,0.066537038
N18,0.077283289
N19,0.206392094
N1C,0.089678501
N2,0.262620191
N20,0.220960115
N21,0.166332085
N22,0.122848191
N3,0.229847706
N4,0.166218717
N5,0.126010527
N6,0.313168622
N7,0.182250639
N8,0.321503326
N9,0.091019415
NE1,0.381877092
NE10,0.402102488
NE11,0.236433931
NE12,0.191230736
NE13,0.37877376
NE15,0.200480948
NE16,0.292762803
NE17,0.150331827
NE18,0.226948574
NE19,0.434759933
NE2,0.427570449
NE20,0.401628942
NE21,0.137992235
NE22,0.563726254
NE23,0.668956996
NE24,0.643009877
NE25,0.44847653
NE26,0.20706115
NE27,0.215443391
NE28,0.12595173
NE29,0.347595785
NE3,0.286771037
NE30,0.229226525
NE31,0.110155265
NE32,0.119892151
NE33,0.206671643
NE34,0.170903814
NE35,0.115944149
NE36,0.327751787
NE37,0.419650484
NE38,0.202842061
NE39,0.125146617
NE4,0.274115284
NE40,0.166052163
NE41,0.254001967
NE42,0.251373633
NE43,0.987905714
NE44,1.023104154
NE45,0.274549409
NE46,0.69870402
NE47,0.720605296
NE48,0.299974136
NE49,1.805546107
NE5,0.176319432
NE6,0.283011595
NE61,0.373461252
NE62,0.389455645
NE63,0.531236788
NE64,0.317776712
NE65,0.610399792
NE66,0.913005824
NE67,0.398308676
NE68,0.342983026
NE69,0.354067879
NE7,0.256326969
NE70,0.37962215
NE71,0.92707534
NE8,0.192941594
NE9,0.437253144
NG1,0.271831346
NG10,0.142777732
NG11,0.329018425
NG12,0.8470616
NG13,0.700908138
NG14,0.99383523
NG15,0.503032141
NG16,0.314389388
NG17,0.162373233
NG18,0.121463715
NG19,0.263780625
NG2,0.223160615
NG20,0.213796364
NG21,0.322422263
NG22,0.508805753
NG23,0.690167651
NG24,0.394938677
NG25,1.280589401
NG3,0.284549813
NG31,0.390916418
NG32,0.498708259
NG33,0.477601603
NG34,0.851781077
NG4,0.267387423
NG5,0.140993947
NG6,0.09454725
NG7,0.340459308
NG8,0.66958786
NG9,0.240909747
NN1,0.481198879
NN10,0.147427716
NN11,0.548788947
NN12,0.933114986
NN13,0.476534035
NN14,0.70198905
NN15,0.270027817
NN16,0.432972025
NN17,0.174436174
NN18,0.129692488
NN2,0.248270301
NN29,0.249767542
NN3,0.31952996
NN4,0.203567139
NN5,0.285564926
NN6,0.446532953
NN7,0.331812032
NN8,0.303836288
NN9,0.212089579
NP10,0.188238156
NP11,0.313706084
NP12,0.259596059
NP13,0.135068982
NP15,1.157770937
NP16,0.708536028
NP18,0.584411295
NP19,0.25813363
NP20,0.276334082
NP22,0.358745654
NP23,0.20125628
NP24,0.212455253
NP25,0.861033793
NP26,0.468753793
NP4,0.319517329
NP44,0.333433904
NP7,0.799008778
NP8,0.938209666
NR1,0.583277297
NR10,0.470583086
NR11,0.343864224
NR12,0.540604789
NR13,0.392650504
NR14,1.587804001
NR15,1.781093796
NR16,0.941145271
NR17,0.582802276
NR18,0.321666321
NR19,0.330357275
NR2,0.233592153
NR20,0.631025147
NR21,0.928226673
NR22,0.741445628
NR23,0.737992536
NR24,0.377407006
NR25,0.394519524
NR26,0.439837265
NR27,0.442470952
NR28,0.312874386
NR29,0.300025041
NR3,0.278059389
NR30,0.273098639
NR31,0.123873672
NR32,0.23785292
NR33,0.708901205
NR34,0.750044233
NR35,0.992525836
NR4,0.339974268
NR5,0.383234686
NR6,0.261070003
NR7,0.391145009
NR8,0.708517613
NR9,0.428525952
NW1,0.215537299
NW10,0.134878333
NW11,0.215125282
NW2,0.164535312
NW3,0.340929928
NW4,0.238117138
NW5,0.22265148
NW6,0.169356844
NW7,0.147471505
NW8,0.169706083
NW9,0.085726575
OL1,0.213531541
OL10,0.101495605
OL11,0.215254917
OL12,0.177885456
OL13,0.176420137
OL14,0.565057203
OL15,0.330718199
OL16,0.167363449
OL2,0.259071515
OL3,0.228661115
OL4,0.137693536
OL5,0.251958998
OL6,0.26607474
OL7,0.289290829
OL8,0.108764732
OL9,0.151213211
OX1,0.88181209
OX10,1.152101189
OX11,0.632916306
OX12,0.709706637
OX13,0.50840052
OX14,0.577935708
OX15,1.296785135
OX16,0.644370514
OX17,1.169647525
OX18,0.614890869
OX2,0.371712136
OX20,0.240366314
OX25,1.422417589
OX26,0.576167353
OX27,1.018044617
OX28,0.390388287
LE87,0
LE95,0
LS98,0
LS99,0
M60,0
M61,0
M99,0
MK77,0
N81,0
NE85,0
NE92,0
NE98,0
NE99,0
NG80,0
NG90,0
NR99,0
OX29,0.52831696
OX3,0.456562944
OX33,0.707840285
OX39,1.212164697
OX4,0.156978223
OX44,0.384840721
OX49,0.550236656
OX5,0.15797033
OX7,1.129162709
OX9,0.576829207
PA1,0.284533735
PA10,0.568055532
PA11,0.240898726
PA12,0.224912832
PA13,0.230620304
PA14,0.202648279
PA15,0.195830948
PA16,0.202068969
PA17,0.383023972
PA18,0.269026775
PA19,0.197366848
PA2,0.292093538
PA20,0.480162335
PA21,0.324290089
PA22,0.330601275
PA23,0.33004857
PA24,0.29000689
PA25,0.32840382
PA26,0.315310348
PA27,0.324239887
PA28,1.0737467
PA29,0.49179146
PA3,0.311825665
PA30,0.351948733
PA31,0.383399681
PA32,0.377396193
PA33,0.397391946
PA34,0.407219226
PA35,0.395814777
PA36,0.331001157
PA37,0.384172561
PA38,0.365433743
PA4,0.122511761
PA41,1.020783868
PA42,0.722520411
PA43,0.697034759
PA44,0.719051886
PA45,0.693593909
PA46,0.684404124
PA47,0.713064848
PA48,0.711359405
PA49,0.710450107
PA5,0.199546525
PA6,0.214016256
PA60,0.685781519
PA61,0.620779072
PA62,0.368808392
PA63,0.368808392
PA64,0.368808392
PA65,0.375346753
PA66,0.392701845
PA67,0.375572059
PA68,0.36914559
PA69,0.357979583
PA7,0.085260002
PA70,0.370084251
PA71,0.36460241
PA72,0.354888724
PA73,0.374619889
PA74,0.360648547
PA75,0.364390564
PA76,0.3645442
PA77,2.805646386
PA78,1.033987864
PA8,0.072201742
PA80,0.317083266
PA9,0.540272923
PE1,0.523103533
PE10,0.366638484
PE11,0.314322144
PE12,0.218685971
PE13,0.173212725
PE14,0.301604099
PE15,0.316204576
PE16,0.198219906
PE19,0.356671328
PE2,0.269463336
PE20,0.617893958
PE21,0.259149438
PE22,0.293968884
PE23,0.719184877
PE24,0.20488718
PE25,0.056942828
PE26,0.200796783
PE27,0.347887604
PE28,0.365765335
PE29,0.826586053
PE3,0.375798459
PE30,0.528122208
PE31,0.462675467
PE32,0.409537719
PE33,0.298922678
PE34,0.601444933
PE35,0.578968672
PE36,0.200133179
PE37,0.494244475
PE38,0.240734871
PE4,0.2439493
PE5,0.3396163
PE6,0.393948826
PE7,0.27887407
PE8,0.8273915
PE9,0.339431747
PH1,0.329747387
PH10,0.305108801
PH11,0.310331445
PH12,0.425200285
PH13,0.311824201
PH14,0.359505141
PH15,0.693870375
PH16,0.845622803
PH17,0.698722648
PH18,0.874374839
PH19,0.654840872
PH2,0.516476302
PH20,0.639452336
PH21,0.64979214
PH22,0.636721434
PH23,0.880495782
PH24,0.929696097
PH25,0.881312808
PH26,0.887156946
PH3,0.903668844
PH30,0.317212312
PH31,0.313862272
PH32,0.333176041
PH33,0.317444743
PH34,0.331745087
PH35,0.325032945
PH36,0.317381826
PH37,0.317212312
PH38,0.317212312
PH39,0.316345048
PH4,0.902603297
PH40,0.305170877
PH41,0.308519218
PH42,0.317212312
PH43,0.583442784
PH44,0.454099009
PH49,0.324245822
PH5,0.436493319
PH50,0.315148911
PH6,0.413588609
PH7,0.432859063
PH8,0.357923187
PH9,0.774378749
PL1,0.308186269
PL10,0.547002009
PL11,0.506781288
PL12,0.510327895
PL13,0.227751814
PL14,0.771088366
PL15,0.87097586
PL16,1.089023058
PL17,1.105478684
PL18,0.899404676
PL19,1.024889241
PL2,0.246611556
PL20,0.56477432
PL21,1.126495249
PL22,0.827592026
PL23,0.6594591
PL24,0.59131809
PL25,0.412285059
PL26,0.623015508
PL27,0.650826002
PL28,0.334575047
PL29,0.745346585
PL3,0.215455047
PL30,0.725609768
PL31,0.626163036
PL32,0.412898351
PL33,0.734283453
PL34,0.593396312
PL35,0.304959626
PL4,0.164096101
PL5,0.149313365
PL6,0.533207534
PL7,0.261070876
PL8,1.509949767
PL9,0.383404293
PO1,0.198087311
PO10,0.775511816
PO11,0.184806082
PO12,0.327486754
PO13,0.330857947
PO14,0.48345223
PO15,1.036815329
PO16,0.20687827
PO17,1.170117475
PO18,0.634835669
PO19,0.229863698
PO2,0.308771139
PO20,0.552380328
PO21,0.402392128
PO22,0.261585719
PO3,0.439878571
PO30,0.908647678
PO31,0.213780867
PO32,0.305246075
PO33,0.230106752
PO34,0.32696328
PO35,1.195321524
PO36,0.169006321
PO37,0.125018938
PO38,0.840693373
PO39,0.964691904
PO4,0.108219761
PO40,1.069185599
PO41,2.791951162
PO5,0.148259219
PO6,0.182585756
PO7,0.322630386
PO8,0.410696667
PO9,0.362071869
PR1,0.39691781
PR2,0.238431527
PR25,0.118324278
PR26,0.443518539
PR3,1.282046622
PR4,0.581743009
PR5,0.306911407
PR6,0.122985206
PR7,0.128684699
PR8,0.282015819
PR9,0.361537261
RG1,0.204131787
RG10,1.071461604
RG12,0.244585074
RG14,0.731637807
RG17,0.467464288
RG18,1.09880814
RG19,1.195508637
RG2,0.334863888
RG20,1.263278182
RG21,0.191921943
RG22,0.266154875
RG23,0.23418401
RG24,0.172952689
RG25,0.853771284
RG26,0.409326983
RG27,0.50947831
RG28,0.394489346
RG29,0.433554967
RG30,0.20329963
RG31,0.175414148
RG4,0.237379503
RG40,0.859645084
RG41,0.529273587
RG42,0.337862815
RG45,0.440389212
RG5,0.325439149
RG6,0.236904822
RG7,0.792604611
RG8,0.543367862
RG9,1.031922289
RH1,0.579308944
RH10,0.234058011
RH11,0.311687554
RH12,0.684508131
RH13,0.624114031
RH14,1.043740334
RH15,0.408111418
RH16,0.31625469
RH17,0.340572645
RH18,0.283040077
RH19,0.393782548
RH2,0.569158036
RH20,0.674987837
RH3,0.455633493
RH4,0.2174599
RH5,1.110894622
RH6,0.380910227
RH7,0.829522311
RH8,0.375347636
RH9,0.502275994
RM1,0.157548391
RM10,0.117596852
RM11,0.171654926
RM12,0.180820721
RM13,0.132800166
RM14,0.674368383
RM15,0.13619109
RM16,0.146943984
RM17,0.203296516
RM18,0.120853833
RM19,0.058894546
RM2,0.132770338
RM20,0.119104362
RM3,0.388204637
RM4,0.286801281
RM5,0.094569069
RM6,0.14138648
RM7,0.222382974
RM8,0.108327123
RM9,0.074308804
S1,0.158389351
S10,0.254573915
S11,0.298105657
S12,0.266160327
S13,0.142062482
S14,0.158302558
S17,0.247073151
S18,0.529705348
S2,0.135407378
S20,0.261306023
S21,0.270037618
S25,0.334130347
S26,0.223373314
S3,0.185021468
S32,1.061414321
S33,0.588933562
S35,0.205899767
S36,0.68165772
S4,0.200741291
S40,0.254032783
S41,0.404332342
S42,0.210424239
S43,0.369840673
S44,0.27910979
S45,0.237780657
S5,0.108836939
S6,0.251842344
S60,0.080994751
S61,0.089856867
S62,0.230959459
S63,0.334108712
S64,0.096328211
S65,0.065082128
S66,0.110375005
S7,0.37802712
S70,0.217122065
S71,0.229536674
S72,0.145118612
S73,0.092152579
S74,0.194756194
S75,0.196755179
S8,0.274210417
S80,0.335654769
S81,0.289156475
S9,0.216253838
SA1,0.476501577
SA10,0.374879508
SA11,0.512874694
SA12,0.442208604
SA13,0.353382581
SA14,0.218121766
SA15,0.415989614
SA16,0.539328743
SA17,1.014863693
SA18,0.410619933
SA19,1.558711891
SA2,0.668612851
SA20,0.628623939
SA3,0.595841117
SA31,0.748998677
SA32,0.626169785
SA33,1.679846743
SA34,2.29923301
SA35,0.736559817
SA36,0.787490203
SA37,0.760927228
SA38,0.708627412
SA39,1.455652702
SA4,0.232036507
SA40,1.472987868
SA41,0.812805844
SA42,0.482157489
SA43,0.793116123
SA44,1.094870904
SA45,0.780095492
SA46,1.697367583
SA47,0.966236705
SA48,1.62820067
SA5,0.186046418
SA6,0.407144657
SA61,1.375563039
SA62,1.415866475
SA63,3.63510699
SA64,0.747946016
SA65,0.550944996
SA66,2.355931259
SA67,1.727799272
SA68,0.54325909
SA69,0.344178321
SA7,0.279345564
SA70,0.310025293
SA71,0.203563219
SA72,0.200307517
SA73,0.345811757
SA8,0.790867866
SA9,0.357929426
SE1,0.044146882
SE10,0.129692964
SE11,0.081484878
SE12,0.101847951
SE13,0.071172698
SE14,0.080297138
SE15,0.04735561
SE16,0.044937443
SE17,0.034492895
SE18,0.121884944
SE19,0.060944012
SE2,0.137513902
SE20,0.064530206
SE21,0.124090922
SE22,0.134067288
SE23,0.116594801
SE24,0.087932539
SE25,0.078657506
SE26,0.096642284
SE27,0.098682379
SE28,0.095689905
SE3,0.12491905
SE4,0.093564429
SE5,0.030855862
SE6,0.093062394
SE7,0.415744869
SE8,0.077588676
SE9,0.137509629
SG1,0.315007199
SG10,0.370797968
SG11,0.346774997
SG12,1.133387977
SG13,0.66628891
SG14,0.681747187
SG15,0.217487794
SG16,0.276954424
SG17,0.282258033
SG18,0.522153038
SG19,0.871917597
SG2,0.243971671
SG3,0.59547946
SG4,0.164204997
SG5,0.68784732
SG6,0.181907785
SG7,0.307565177
SG8,0.504277548
SG9,0.955359479
SK1,0.206443631
SK10,0.688929495
SK11,0.466216928
SK12,0.71712137
SK13,0.237170308
SK14,0.118349421
SK15,0.093698784
SK16,0.137114914
SK17,0.518071565
SK2,0.132905326
SK22,0.578323229
SK23,0.670658496
SK3,0.401990502
SK4,0.245743904
SK5,0.234526031
SK6,0.19714901
SK7,0.260258305
SK8,0.572567206
SK9,0.684859671
SL0,0.162060984
SL1,0.294083367
SL2,0.297486854
SL3,0.152517717
SL4,0.434920819
SL5,0.415718957
SL6,0.428118838
SL7,1.280047405
SL8,0.196764572
SL9,0.540389364
SM1,0.201136083
SM2,0.268834667
SM3,0.327613135
SM4,0.193064935
SM5,0.147968155
SM6,0.102078902
SM7,0.345421591
SN1,0.815785589
SN10,0.264496196
SN11,0.532090948
PL95,0
PR11,0
RH77,0
S49,0
S95,0
S96,0
S97,0
S98,0
S99,0
SA80,0
SA99,0
SE1P,0
SL95,0
SN12,0.559076258
SN13,0.965407956
SN14,0.599505829
SN15,1.309775736
SN16,1.408987739
SN2,0.48483245
SN25,0.264338733
SN26,0.314140231
SN3,0.699062659
SN4,1.126621861
SN5,0.384051648
SN6,0.683930221
SN7,0.667082854
SN8,1.447612456
SN9,0.254578741
SO14,0.133644673
SO15,0.191870458
SO16,0.220356674
SO17,0.155334814
SO18,0.202881264
SO19,0.141632014
SO20,0.402786135
SO21,1.493616841
SO22,0.360651142
SO23,0.552994172
SO24,0.602818264
SO30,0.38422303
SO31,0.492075759
SO32,0.793262311
SO40,0.287009916
SO41,0.327972948
SO42,0.383245057
SO43,0.387507825
SO45,0.511342995
SO50,0.527765805
SO51,0.347563488
SO52,0.281590688
SO53,0.503682782
SP1,0.904131604
SP10,0.384864446
SP11,0.413990929
SP2,0.542377295
SP3,0.789064755
SP4,0.719522422
SP5,0.575061309
SP6,1.421333782
SP7,0.950478427
SP8,1.200307522
SP9,1.250964605
SR1,0.094420752
SR2,0.056759354
SR3,0.072444228
SR4,0.141421392
SR5,0.269284701
SR6,0.237598112
SR7,0.120060468
SR8,0.086648181
SS0,0.295388485
SS1,0.236648067
SS11,0.219154255
SS12,0.106196197
SS13,0.188289409
SS14,0.316460288
SS15,0.245522642
SS16,0.471494713
SS17,0.161295886
SS2,0.263884508
SS3,0.21187376
SS4,0.201759272
SS5,0.318701823
SS6,0.252213653
SS7,0.258528648
SS8,0.218113318
SS9,0.299927861
ST1,0.203245302
ST10,0.734316897
ST11,0.723953594
ST12,0.517829324
ST13,0.619455667
ST14,0.894330535
ST15,1.106867028
ST16,0.300632154
ST17,0.381801321
ST18,0.453986991
ST19,1.02417649
ST2,0.410004031
ST20,0.692780916
ST21,1.906438786
ST3,0.2611108
ST4,0.141959638
ST5,0.212049898
ST6,0.163593682
ST7,0.444706367
ST8,0.5166896
ST9,0.364208798
SW10,0.113653829
SW11,0.158281064
SW12,0.154953086
SW13,0.304761299
SW14,0.456766054
SW15,0.130311175
SW16,0.133132761
SW17,0.140258552
SW18,0.093891655
SW19,0.308988468
SW1A,0.194860317
SW1E,0.45922952
SW1H,0.3593089
SW1P,0.26538235
SW1V,0.352541667
SW1W,0.247300703
SW1X,0.178973028
SW1Y,0.21369479
SW2,0.131179322
SW20,0.239428644
SW3,0.150095162
SW4,0.168513084
SW5,0.125410564
SW6,0.189143623
SW7,0.180764062
SW8,0.182068535
SW9,0.052000541
SY1,0.326690024
SY10,0.702205085
SY11,0.690395083
SY12,1.858492986
SY13,1.296947497
SY14,1.886908407
SY15,1.608857581
SY16,0.685308859
SY17,1.015478374
SY18,1.338963756
SY19,2.338482675
SY2,0.456179352
SY20,1.262475579
SY21,0.999392282
SY22,1.029903472
SY23,0.880844841
SY24,0.217648084
SY25,1.500217797
SY3,0.556952476
SY4,0.671789929
SY5,0.800852757
SY6,0.816321693
SY7,0.755438019
SY8,1.136233149
SY9,0.994887653
TA1,0.679542937
TA10,0.558193875
TA11,0.4501727
TA12,1.49183254
TA13,0.597709173
TA14,1.463253275
TA15,1.314706965
TA16,0.631055358
TA17,0.700369577
TA18,0.668630875
TA19,0.902664068
TA2,0.471458727
TA20,0.642278183
TA21,1.070228219
TA22,0.946925667
TA23,0.528964289
TA24,0.634179267
TA3,0.996997967
TA4,0.77833076
TA5,0.890366212
TA6,0.546897277
TA7,1.567533783
TA8,0.708137164
TA9,0.611403755
TD1,0.468255925
TD10,1.253232297
TD11,1.581389363
TD12,1.666194739
TD13,0.64000059
TD14,0.627322389
TD15,0.746658571
TD2,0.467989829
TD3,2.56027251
TD4,0.291420838
TD5,0.893742768
TD6,0.628083523
TD7,0.39732068
TD8,0.295001425
TD9,0.494141029
TF1,0.499964961
TF10,0.881396653
TF11,1.179624563
TF12,0.91693904
TF13,1.05754614
TF2,0.497989351
TF3,0.269268603
TF4,0.281501773
TF5,0.225633265
TF6,0.534522074
TF7,0.160248679
TF8,0.50988958
TF9,1.121447931
TN1,0.293701562
TN10,0.067436147
TN11,0.252008739
TN12,1.289936696
TN13,0.545459741
TN14,0.803215823
TN15,0.656961578
TN16,0.596756463
TN17,1.392867255
TN18,0.657699243
TN19,0.862343951
TN2,0.357409092
TN20,0.390708307
TN21,0.868260365
TN22,0.672217812
TN23,0.3896673
TN24,0.3101333
TN25,0.522170662
TN26,0.371130542
TN27,0.950798818
TN28,0.624029218
TN29,0.630214823
TN3,0.262288262
TN30,0.935254536
TN31,0.585062603
TN32,1.150848269
TN33,0.925936406
TN34,0.189215961
TN35,0.2125366
TN36,0.335369231
TN37,0.243541789
TN38,0.216736609
TN39,0.369327794
TN4,0.319807243
TN40,0.324965307
TN5,0.448070803
TN6,0.350205496
TN7,0.298573224
TN8,0.404783065
TN9,0.227920445
TQ1,0.284766788
TQ10,0.746514823
TQ11,0.537833284
TQ12,0.572427731
TQ13,0.765850859
TQ14,0.387092474
TQ2,0.656013591
TQ3,0.486568016
TQ4,0.429565595
TQ5,0.579910264
TQ6,0.364125428
TQ7,0.694439812
TQ8,0.630077207
TQ9,1.18210954
TR1,1.002348706
TR10,0.38720853
TR11,0.589466305
TR12,0.392059212
TR13,0.639523367
TR14,0.719838389
TR15,0.563826419
TR16,0.571978608
TR17,0.364852273
TR18,0.33717857
TR19,0.423330688
TR2,1.003784569
TR20,0.47590384
TR21,0.193951285
TR22,0.190805025
TR23,0.179148749
TR24,0.227876506
TR25,0.191509981
TR26,0.675671685
TR27,0.918072971
TR3,0.52399978
TR4,0.741936927
TR5,0.172653892
TR6,0.219231246
TR7,0.643192106
TR8,1.070378371
TR9,1.600448962
TS1,0.429153756
TS10,0.249512602
TS11,0.42151492
TS12,0.344011095
TS13,0.197629359
TS14,0.378193542
TS15,0.516123758
TS16,0.444636653
TS17,0.440887556
TS18,0.226858988
TS19,0.159383245
TS2,1.229484076
TS20,0.25785383
TS21,0.338760393
TS22,0.187682027
TS23,0.396926626
TS24,0.152773087
TS25,0.220889332
TS26,0.21762284
TS27,0.116847305
TS28,0.082556921
TS29,0.124832531
TS3,0.027494663
TS4,0.05979951
TS5,0.197776384
TS6,0.028559895
TS7,0.072738395
TS8,0.137883907
TS9,0.755046092
TW1,0.254566884
TW10,0.358062235
TW11,0.386178694
TW12,0.373882452
TW13,0.258819013
TW14,0.175307077
TW15,0.302938258
TW16,0.437642933
TW17,0.483376183
TW18,0.466780809
TW19,0.251741714
TW2,0.233074644
TW20,0.639384488
TW3,0.122599078
TW4,0.116824487
TW5,0.115134278
TW6,0.953458417
TW7,0.18752616
TW8,0.11518799
TW9,0.497989707
UB1,0.134921336
UB10,0.22219304
UB11,4.982600357
UB2,0.146621924
UB3,0.216519585
UB4,0.146063811
UB5,0.176285585
UB6,0.148122897
UB7,0.160088511
UB8,0.164634946
UB9,0.451893245
W10,0.140014701
W11,0.217045762
W12,0.128671088
W13,0.170519229
W14,0.190554985
W1A,1.227162017
W1B,0.211376563
W1C,0.796393455
W1D,0.243500529
W1F,0.179318818
W1G,0.393617604
W1H,0.344206201
W1J,0.397525482
W1K,0.398947292
W1S,0.497671015
W1T,0.46941921
W1U,0.310590374
W1W,0.198382903
W2,0.250226164
W3,0.10276794
W4,0.223571615
W5,0.119150512
W6,0.206225753
W7,0.18408902
W8,0.20354914
W9,0.155979493
WA1,0.192032252
WA10,0.100686658
WA11,0.202900106
WA12,0.190260835
WA13,0.326140972
WA14,0.204172591
WA15,0.196265395
WA16,0.479104001
WA2,0.141298981
WA3,0.328638671
WA4,0.439760691
WA5,0.341771817
WA6,0.815661126
WA7,0.370650646
WA8,0.273935496
WA9,0.575285926
WC1A,0.077750799
WC1B,0.08766038
WC1E,0.092834904
WC1H,0.117982413
WC1N,0.077967709
WC1R,0.078816048
WC1V,0.084681256
WC1X,0.117614346
WC2A,0.091614605
WC2B,0.031202215
WC2E,0.072862184
WC2H,0.046776081
WC2N,0.134936168
WC2R,0.0825547
WD17,0.646249687
WD18,0.205002907
WD19,0.331653397
WD23,0.378823838
WD24,0.287398779
WD25,0.227477095
WD3,0.33802802
WD4,0.325991371
WD5,0.37374089
WD6,0.170633927
WD7,0.596034423
WF1,0.369313102
WF10,0.365511702
WF11,0.186757691
WF12,0.733063204
WF13,0.277772253
WF14,0.168021277
WF15,0.161282172
WF16,0.109491705
WF17,0.183290678
WF2,0.534750582
WF3,0.268714696
WF4,0.172894719
WF5,0.235460739
WF6,0.139876748
WF7,0.306603429
WF8,0.320656639
WF9,0.343939113
WN1,0.217467502
WN2,0.275992458
WN3,0.165110484
WN4,0.329508906
WN5,0.220703345
WN6,0.23360645
WN7,0.30471727
WN8,0.211602143
WR1,0.282386955
WR10,0.685596872
WR11,0.493107151
WR12,0.825312187
WR13,0.491490549
WR14,0.430733646
WR15,2.075267486
WR2,0.54993207
WR3,0.33253585
WR4,0.393346576
WR5,0.410914906
WR6,0.731412484
WR7,0.746249601
WR8,0.925620814
WR9,0.738355141
WS1,0.172584535
WS10,0.095458658
WS11,0.28143265
WS12,0.181979009
WS13,0.721150644
WS14,0.869440497
WS15,0.532002984
WS2,0.182436912
WS3,0.342337003
WS4,0.198900597
WS5,0.147647491
WS6,0.168127209
WS7,0.455607493
WS8,0.511303089
WS9,0.356954237
WV1,0.391705604
WV10,0.164938084
WV11,0.161862468
WV12,0.289957481
WV13,0.15225894
WV14,0.1228358
WV15,0.728853224
WV16,0.763889374
WV2,0.472119166
WV3,0.330562199
WV4,0.272447757
WV5,0.417988778
WV6,0.405223419
WV7,0.238659956
WV8,0.394739919
WV9,0.137665208
YO1,0.744126523
YO10,0.501940253
YO11,0.205166189
YO12,0.283344475
YO13,0.422047215
YO14,0.410117272
YO15,0.519642594
YO16,0.296235595
YO17,0.52726071
YO18,1.27244134
SN38,0
SN99,0
SO97,0
SR9,0
SS99,0
ST55,0
SW95,0
SY99,0
WA55,0
WA88,0
WD99,0
WF90,0
WR99,0
YO19,1.150512319
YO21,0.678060089
YO22,0.411031382
YO23,0.407668959
YO24,0.484033603
YO25,0.659101867
YO26,0.694474347
YO30,0.492786541
YO31,0.331332809
YO32,0.444911281
YO41,0.724226474
YO42,0.845967082
YO43,1.07389391
YO51,0.70622623
YO60,1.831654845
YO61,1.933739917
YO62,1.256223308
YO7,0.540742713
YO8,0.261033543
ZE1,0.454123908
ZE2,0.677350217
ZE3,0.458550434
YO90,0
