PostcodeDistrict,EstimatedDogPopulation
AB10,"1,921.75"
AB11,"2,377.35"
AB12,"4,130.35"
AB13,"1,323.24"
AB14,"2,666.50"
AB15,"10,062.23"
AB16,"6,495.69"
AB21,"6,226.34"
AB22,"2,236.84"
AB23,"1,255.46"
AB24,"2,286.94"
AB25,975.9487636
AB30,"4,845.81"
AB31,"4,542.91"
AB32,"1,058.86"
AB33,"2,248.71"
AB34,"2,502.77"
AB35,858.8343469
AB36,227.9865774
AB37,924.1709029
AB38,"2,870.99"
AB39,"5,622.39"
AB41,"8,552.49"
AB42,"11,446.46"
AB43,"10,414.48"
AB44,"2,761.73"
AB45,"3,683.02"
AB51,"14,570.64"
AB52,"4,914.42"
AB53,"10,471.22"
AB54,"3,080.71"
AB55,"4,813.52"
AB56,994.184212
AL1,"2,947.95"
AL10,"4,618.42"
AL2,"8,474.91"
AL3,"4,657.89"
AL4,"3,543.41"
AL5,"5,093.80"
AL6,"4,767.78"
AL7,"5,338.97"
AL8,"3,162.90"
AL9,"6,759.17"
B1,491.4494247
B10,660.3877884
B11,"1,656.02"
B12,697.1300221
B13,"1,835.91"
B14,"3,289.50"
B15,978.4633011
B16,"1,166.88"
B17,"2,115.73"
B18,778.2985062
B19,304.2854407
B2,101.5183154
B20,580.5307297
B21,583.2032814
B23,"2,824.52"
B24,"2,084.11"
B25,"1,167.53"
B26,"2,269.27"
B27,"3,555.85"
B28,"2,624.60"
B29,"2,039.23"
B3,151.1562956
B30,"1,806.81"
B31,"4,430.13"
B32,"2,605.95"
B33,"2,312.56"
B34,"1,148.70"
B35,857.4911811
B36,"2,236.69"
B37,"4,610.14"
B38,"1,576.69"
B4,73.36282433
B40,10.68923162
B42,"1,498.00"
B43,"3,651.40"
B44,"3,471.78"
B45,"3,609.75"
B46,"4,257.61"
B47,"2,847.29"
B48,"1,663.00"
B49,"2,812.61"
B5,503.6620122
B50,"1,462.05"
B6,271.4244318
B60,"5,029.56"
B61,"4,900.13"
B62,"3,249.17"
B63,"4,000.49"
B64,"1,683.63"
B65,"3,556.48"
B66,"1,290.26"
B67,"1,648.65"
B68,"2,383.01"
B69,"3,167.06"
B7,244.1815948
B70,"1,638.65"
B71,"2,447.28"
B72,650.8723414
B73,"1,985.17"
B74,"3,892.32"
B75,"2,026.70"
B76,"1,485.94"
B77,"4,479.95"
B78,"4,691.47"
B79,"4,766.39"
B8,902.3651019
B80,"1,169.07"
B9,810.5404215
B90,"11,614.33"
B91,"10,038.41"
B92,"7,426.32"
B93,"3,151.90"
B94,"1,998.21"
B95,891.5870802
B96,"1,902.01"
B97,"5,993.60"
B98,"3,984.27"
BA1,"8,100.73"
BA10,"1,389.86"
BA11,"13,325.50"
BA12,"12,993.63"
BA13,"3,283.76"
BA14,"5,278.78"
BA15,"2,630.13"
BA16,"1,652.22"
BA2,"19,949.67"
BA20,"1,933.54"
BA21,"5,834.77"
BA22,"7,669.39"
BA3,"9,195.84"
BA4,"8,521.43"
BA5,"6,098.13"
BA6,"4,790.25"
BA7,"4,599.05"
BA8,"1,539.66"
BA9,"4,324.25"
BB1,"8,374.44"
BB10,"2,499.19"
BB11,"2,587.92"
BB12,"4,085.14"
BB18,"5,911.52"
BB2,"10,801.35"
BB3,"5,902.77"
BB4,"5,083.52"
BB5,"4,816.82"
BB6,"3,174.51"
AB99,0
B99,0
BB7,"9,303.07"
BB8,"7,731.11"
BB9,"10,069.18"
BD1,340.8418253
BD10,"5,155.70"
BD11,"5,737.08"
BD12,"1,454.78"
BD13,"1,428.64"
BD14,412.178355
BD15,"1,495.41"
BD16,"3,674.61"
BD17,"4,119.92"
BD18,"7,770.49"
BD19,"4,191.30"
BD2,"4,882.08"
BD20,"19,868.19"
BD21,"5,651.72"
BD22,"2,666.08"
BD23,"12,719.03"
BD24,"5,555.38"
BD3,"4,573.46"
BD4,"5,736.46"
BD5,"1,352.89"
BD6,"1,475.17"
BD7,"1,411.51"
BD8,"1,875.57"
BD9,"2,362.97"
BH1,"2,743.72"
BH10,"3,033.42"
BH11,"2,612.05"
BH12,"4,168.64"
BH13,"1,134.58"
BH14,"3,643.67"
BH15,"4,512.47"
BH16,"1,945.63"
BH17,"3,229.73"
BH18,"2,092.34"
BH19,"2,308.29"
BH2,"1,278.03"
BH20,"10,320.26"
BH21,"18,384.10"
BH22,"4,962.60"
BH23,"12,847.20"
BH24,"14,611.96"
BH25,"5,600.92"
BH3,"1,158.00"
BH31,"5,255.71"
BH4,980.3027915
BH5,"1,158.65"
BH6,"2,430.88"
BH7,"1,136.21"
BH8,"3,300.94"
BH9,"4,203.43"
BL0,"1,504.05"
BL1,"5,082.14"
BL2,"7,801.41"
BL3,"4,380.34"
BL4,"2,711.12"
BL5,"3,571.37"
BL6,"5,409.12"
BL7,"1,719.43"
BL8,"5,225.99"
BL9,"7,740.97"
BN1,"14,868.11"
BN10,"3,629.55"
BN11,"7,827.86"
BN12,"3,902.50"
BN13,"8,503.77"
BN14,"13,471.21"
BN15,"7,920.31"
BN16,"9,997.28"
BN17,"4,278.95"
BN18,"4,002.67"
BN2,"16,098.55"
BN20,"8,106.42"
BN21,"3,030.42"
BN22,"5,409.66"
BN23,"7,426.06"
BN24,"2,262.05"
BN25,"4,928.32"
BN26,"3,363.59"
BN27,"5,235.09"
BN3,"9,560.39"
BN41,"3,371.03"
BN42,"3,178.73"
BN43,"8,628.95"
BN44,"3,288.63"
BN45,497.6597829
BN5,"2,444.26"
BN6,"2,898.39"
BN7,"5,678.22"
BN8,"7,600.20"
BN9,"2,776.21"
BR1,"4,142.38"
BR2,"2,920.38"
BR3,"2,794.70"
BR4,"1,025.60"
BR5,"5,137.34"
BR6,"6,243.92"
BR7,"1,331.94"
BR8,"2,614.18"
BS1,"2,534.05"
BS10,"3,541.88"
BS11,"2,559.11"
BS13,"4,754.57"
BS14,"11,704.02"
BS15,"6,685.95"
BS16,"11,792.61"
BS2,"2,987.46"
BS20,"9,332.92"
BS21,"4,035.10"
BS22,"7,134.93"
BS23,"8,096.33"
BS24,"5,211.09"
BS25,"2,759.34"
BS26,"2,134.22"
BS27,"5,256.89"
BS28,"4,626.94"
BS29,623.3794431
BS3,"5,680.87"
BS30,"6,193.66"
BS31,"2,957.45"
BS32,"5,618.76"
BS34,"5,026.89"
BS35,"3,533.71"
BS36,"2,888.13"
BS37,"3,827.88"
BS39,"4,479.21"
BS4,"14,861.76"
BS40,"13,218.97"
BS41,"1,067.12"
BS48,"8,816.65"
BS49,"2,649.47"
BS5,"7,071.51"
BS6,"3,590.61"
BS7,"3,955.03"
BS8,"3,114.39"
BS9,"3,259.61"
CA1,"8,155.66"
CA10,"8,427.84"
BB94,0
BD97,0
BD98,0
BD99,0
BL11,0
BL78,0
BN50,0
BN88,0
BN99,0
BS98,0
BS99,0
CA11,"9,816.55"
CA12,"4,466.16"
CA13,"5,388.99"
CA14,"6,954.68"
CA15,"2,508.06"
CA16,"2,874.52"
CA17,"3,233.16"
CA18,172.5423619
CA19,609.6464311
CA2,"7,015.15"
CA20,"1,320.13"
CA21,311.0342951
CA22,"3,671.38"
CA23,561.3777522
CA24,289.616917
CA25,"1,744.29"
CA26,"1,045.42"
CA27,594.6663863
CA28,"5,238.92"
CA3,"8,451.37"
CA4,"6,317.91"
CA5,"5,455.17"
CA6,"9,220.62"
CA7,"9,178.34"
CA8,"7,827.03"
CA9,"2,087.14"
CB1,"8,050.78"
CB10,"4,128.74"
CB11,"4,619.90"
CB2,"1,968.84"
CB21,"8,213.80"
CB22,"4,616.52"
CB23,"12,676.37"
CB24,"11,428.66"
CB25,"7,515.39"
CB3,"6,919.73"
CB4,"7,520.93"
CB5,"7,312.05"
CB6,"5,532.09"
CB7,"4,827.96"
CB8,"27,001.27"
CB9,"5,214.75"
CF10,"1,085.55"
CF11,"3,288.68"
CF14,"13,918.97"
CF15,"2,693.57"
CF23,"6,449.55"
CF24,"3,439.15"
CF3,"4,745.80"
CF31,"11,435.12"
CF32,"3,597.08"
CF33,"3,180.95"
CF34,"4,697.90"
CF35,"3,805.10"
CF36,"4,740.72"
CF37,"2,510.27"
CF38,"1,776.09"
CF39,"1,779.88"
CF40,752.722313
CF41,363.171446
CF42,429.6096951
CF43,908.483622
CF44,"1,963.87"
CF45,"4,175.39"
CF46,"1,306.53"
CF47,"4,306.83"
CF48,"4,883.61"
CF5,"11,276.49"
CF61,"1,581.83"
CF62,"4,499.66"
CF63,"2,182.62"
CF64,"3,579.95"
CF71,"1,951.35"
CF72,"6,162.60"
CF81,"1,804.16"
CF82,"1,918.31"
CF83,"6,968.74"
CH1,"6,298.01"
CH2,"10,588.64"
CH3,"9,154.74"
CH4,"9,508.75"
CH41,"2,226.11"
CH42,"4,829.53"
CH43,"4,527.30"
CH44,"4,180.13"
CH45,"5,346.12"
CH46,"3,319.88"
CH47,"3,073.28"
CH48,"3,203.50"
CH49,"4,407.30"
CH5,"22,068.61"
CH6,"5,059.73"
CH60,"5,282.55"
CH61,"5,129.26"
CH62,"2,345.14"
CH63,"5,875.26"
CH64,"11,749.05"
CH65,"3,124.24"
CH66,"10,202.84"
CH7,"18,775.56"
CH8,"12,416.10"
CM0,"5,367.35"
CM1,"8,620.94"
CM11,"1,943.48"
CM12,"3,159.56"
CM13,"4,145.68"
CM14,"1,499.32"
CM15,"4,708.75"
CM16,"7,070.98"
CM17,"3,111.79"
CM18,928.9620364
CM19,"1,930.17"
CM2,"12,993.42"
CM20,"6,489.99"
CM21,"4,024.52"
CM22,"3,887.75"
CM23,"11,216.60"
CM24,"2,953.57"
CM3,"11,655.36"
CM4,"3,886.39"
CM5,"4,433.72"
CM6,"8,248.15"
CM7,"7,382.45"
CM77,"3,272.32"
CM8,"5,472.67"
CM9,"11,108.29"
CO1,"5,148.92"
CO10,"12,376.63"
CO11,"1,431.64"
CO12,"3,070.72"
CO13,654.9926244
CO14,330.3624197
CO15,"4,313.13"
CO16,"4,249.74"
CO2,"5,965.20"
CO3,"4,207.70"
CO4,"6,974.92"
CO5,"9,387.11"
CO6,"7,910.28"
CO7,"7,502.16"
CO8,"1,831.79"
CO9,"8,967.49"
CR0,"9,023.52"
CR2,"3,792.03"
CR3,"9,790.48"
CR4,"3,345.29"
CR5,"4,731.00"
CR6,819.0295212
CR7,841.0464617
CR8,"2,142.55"
CT1,"6,941.16"
CT10,"2,502.44"
CT11,"1,905.89"
CT12,"3,813.40"
CT13,"2,874.56"
CT14,"11,910.74"
CT15,"3,981.57"
CT16,"6,660.07"
CT17,"5,270.21"
CT18,"2,339.53"
CT19,"7,266.91"
CT2,"2,622.34"
CT20,"4,795.67"
CT21,"2,107.68"
CT3,"6,794.52"
CT4,"4,340.29"
CT5,"9,455.73"
CT6,"13,508.33"
CT7,"2,507.15"
CT8,"1,304.91"
CT9,"5,802.41"
CV1,"2,548.92"
CV10,"5,397.24"
CV11,"6,873.36"
CV12,"2,237.18"
CV13,"1,677.81"
CV2,"3,502.50"
CV21,"6,153.93"
CV22,"6,344.48"
CV23,"3,795.71"
CV3,"5,127.13"
CV31,"5,990.45"
CV32,"10,236.06"
CV33,"2,187.67"
CV34,"4,777.06"
CV35,"6,526.58"
CV36,"3,185.90"
CV37,"10,280.23"
CV4,"6,856.11"
CV47,"4,270.13"
CV5,"7,777.69"
CV6,"9,323.88"
CV7,"7,035.12"
CV8,"7,448.21"
CV9,"6,627.43"
CW1,"11,984.32"
CW10,"1,786.86"
CW11,"5,413.97"
CW12,"16,378.70"
CW2,"5,982.54"
CW3,"2,178.70"
CW4,"2,827.66"
CW5,"14,301.84"
CW6,"4,801.06"
CW7,"5,017.55"
CW8,"3,031.65"
CW9,"3,883.77"
DA1,"6,373.50"
DA10,851.2306987
DA11,"6,670.92"
DA12,"1,464.66"
DA13,"4,933.02"
DA14,"8,280.24"
DA15,"2,257.06"
DA16,"2,148.88"
DA17,"1,013.95"
DA18,263.653455
DA2,"3,087.22"
DA3,"6,950.32"
DA4,"2,136.57"
DA5,"2,584.91"
DA6,891.6013526
DA7,"2,332.13"
DA8,"1,827.82"
DA9,"1,509.92"
DD1,834.1299928
DD10,"10,188.13"
DD11,"4,270.08"
DD2,"6,050.44"
DD3,"4,678.29"
DD4,"5,863.06"
DD5,"11,592.93"
DD6,"2,943.05"
DD7,"4,007.08"
DD8,"11,034.05"
DD9,"1,953.28"
DE1,"6,789.23"
DE11,"5,506.53"
DE12,"3,063.06"
DE13,"18,447.08"
DE14,"8,501.47"
DE15,"7,384.59"
DE21,"9,651.14"
DE22,"4,970.38"
DE23,"7,773.42"
DE24,"7,918.63"
DE3,"5,361.11"
DE4,"15,620.19"
DE45,"3,731.12"
DE5,"7,327.55"
DE55,"7,579.84"
DE56,"13,466.41"
DE6,"9,686.08"
DE65,"12,845.38"
DE7,"7,923.91"
DE72,"1,690.93"
DE73,"1,523.66"
DE74,"3,285.20"
DE75,"5,196.04"
DG1,"10,736.69"
DG10,"1,154.17"
DG11,"10,606.23"
DG12,"6,954.28"
DG13,"3,307.85"
DG14,687.6192023
DG16,"1,482.22"
DG2,"3,404.93"
DG3,"6,033.01"
DG4,"5,287.96"
DG5,"2,588.56"
DG6,"1,231.39"
DG7,"9,194.95"
DG8,"5,943.54"
DG9,"5,741.87"
DH1,"8,341.49"
DH2,"8,144.81"
DH3,"6,981.71"
DH4,"3,903.76"
DH5,"1,841.69"
DH6,"3,319.73"
DH7,"6,244.74"
DH8,"3,807.20"
DH9,"2,540.12"
DL1,"4,960.41"
DL10,"5,724.85"
DL11,"5,730.84"
DL12,"5,902.37"
DL13,"1,644.82"
DL14,"8,041.13"
DL15,"2,639.04"
DL16,"2,175.23"
DL17,"1,422.01"
DL2,"6,630.03"
DL3,"3,819.16"
DL4,"1,244.48"
DL5,"4,061.47"
DL6,"9,439.99"
DL7,"5,909.41"
DL8,"19,944.88"
DL9,"2,748.48"
DN1,"1,240.71"
DN10,"2,153.73"
DN11,"1,749.25"
DN12,"1,706.76"
DN14,"9,738.39"
DN15,"13,640.53"
DN16,"3,158.83"
DN17,"7,101.00"
DN18,"3,122.30"
DN19,"1,537.77"
DN2,"3,572.07"
DN20,"3,826.27"
DN21,"2,446.74"
DN22,"7,132.61"
DN3,"3,111.58"
DN31,"3,081.69"
DN32,"4,826.46"
DN33,"1,575.90"
DN34,"2,072.81"
DN35,"3,307.56"
DN36,"4,007.59"
DN37,"2,980.46"
DN38,639.0489039
DN39,"1,153.64"
DN4,"4,585.06"
DN40,"1,814.95"
DN41,"1,270.42"
DN5,"4,481.32"
DN6,"4,725.62"
DN7,"1,284.06"
DN8,"3,076.84"
DN9,"5,946.46"
DT1,"8,448.16"
DT10,"7,999.38"
DT11,"16,398.51"
DT2,"9,067.81"
DT3,"7,695.21"
DT4,"9,077.35"
DT5,"3,708.30"
DT6,"7,846.28"
DT7,734.314571
DT8,"3,457.94"
DT9,"8,535.81"
DY1,"4,477.28"
DY10,"10,194.80"
DY11,"5,391.09"
DY12,"3,376.03"
DY13,"4,983.64"
DY14,"4,717.66"
DY2,"4,703.74"
DY3,"3,486.99"
DY4,"3,180.26"
DY5,"3,179.19"
DY6,"1,740.43"
DY7,"1,759.56"
DY8,"6,349.24"
DY9,"6,152.78"
E1,"1,523.98"
E10,"1,558.89"
E11,"5,191.69"
E12,973.9757651
E13,779.6551625
E14,"3,311.50"
E15,"1,823.03"
E16,"2,440.57"
E17,"3,207.75"
E18,"1,547.56"
E1W,340.2618889
E2,"1,244.89"
E20,193.1128195
E3,"3,569.70"
E4,"8,105.25"
E5,714.7350032
E6,"2,514.66"
E7,"1,560.91"
E8,"1,333.93"
E9,835.525766
EC1A,29.47645746
EC1M,65.82261726
EC1N,51.95966072
EC1R,223.1525705
EC1V,465.7844202
EC1Y,109.1421541
EC2A,183.2512937
EC2M,30.50557728
EC2N,9.634896591
EC2P,0.650860512
EC2R,14.89156216
EC2V,11.07807789
EC2Y,22.21057568
EC3A,13.28183569
EC3M,19.37870016
EC3N,30.69668437
EC3R,19.25734026
EC3V,14.55021087
EC4A,14.6628937
EC4M,10.12555811
EC4N,11.50321845
EC4R,9.271089761
EC4V,20.20883237
EC4Y,30.30208837
EH1,"1,130.85"
EH10,"5,948.01"
EH11,"5,565.33"
EH12,"4,544.91"
EH13,"2,164.96"
EH14,"5,412.28"
EH15,"4,005.14"
EH16,"4,770.98"
EH17,"3,127.41"
EH18,"1,118.38"
EH19,"3,640.04"
EH2,662.9894441
EH20,"6,071.71"
EH21,"7,135.58"
EH22,"5,784.55"
EH23,"5,343.60"
EH24,492.6593856
EH25,"8,589.49"
EH26,"4,442.02"
EH27,236.0923305
EH28,"1,899.80"
EH29,"2,900.78"
EH3,"3,853.35"
EH30,"2,872.36"
EH31,"1,406.32"
EH32,"6,249.86"
EH33,"6,302.01"
EH34,894.6515938
EH35,646.4961501
EH36,109.2803316
EH37,344.2747002
EH38,294.4452419
EH39,"4,761.67"
EH4,"9,452.40"
EH40,430.2371297
EH41,"2,037.18"
EH42,"3,353.02"
EH43,316.8381094
EH44,"1,144.80"
EH45,"5,234.34"
EH46,925.693165
EH47,"1,265.22"
EH48,"2,014.27"
EH49,"2,937.91"
EH5,"3,166.12"
EH51,"2,412.47"
EH52,"1,917.97"
EH53,"1,256.92"
EH54,"8,421.77"
EH55,"2,406.97"
EH6,"6,632.25"
EH7,"2,844.92"
EH8,"1,806.13"
EH9,"3,266.44"
EN1,"5,357.28"
EN10,"5,677.43"
EN11,"4,315.66"
EN2,"3,057.38"
EN3,"5,172.48"
EN4,"2,854.05"
EN5,"3,427.96"
EN6,"16,165.81"
EN7,"3,483.02"
EN8,"4,385.63"
EN9,"5,608.29"
EX1,"3,296.25"
EX10,"6,730.56"
EX11,"3,062.34"
EX12,"4,219.39"
EX13,"4,878.47"
EX14,"8,414.77"
EX15,"12,289.85"
EX16,"12,403.54"
EX17,"10,133.41"
EX18,822.6472464
EX19,"2,254.93"
EX2,"6,184.93"
EX20,"11,161.77"
EX21,"2,526.07"
CA95,0
CA99,0
CF91,0
CF95,0
CF99,0
CH70,0
CH88,0
CH99,0
CM92,0
CM98,0
CR9,0
CT50,0
DE99,0
DH97,0
DH99,0
DL98,0
DN55,0
E98,0
EC3P,0
EH91,0
EH99,0
EX22,"11,062.28"
EX23,"9,869.30"
EX24,"1,451.61"
EX3,"1,156.42"
EX31,"21,725.89"
EX32,"6,383.22"
EX33,"4,846.60"
EX34,"11,715.08"
EX35,"2,172.28"
EX36,"7,945.84"
EX37,"1,366.90"
EX38,861.4519563
EX39,"20,879.82"
EX4,"9,500.10"
EX5,"5,088.27"
EX6,"10,910.69"
EX7,"2,113.56"
EX8,"10,668.17"
EX9,"2,403.57"
FK1,"3,670.28"
FK10,"3,420.86"
FK11,400.7471381
FK12,512.0713217
FK13,635.9610744
FK14,566.3481931
FK15,"5,086.35"
FK16,"1,280.00"
FK17,"2,108.43"
FK18,135.3852604
FK19,275.7502222
FK2,"6,753.16"
FK20,58.19607193
FK21,468.0243015
FK3,"1,160.13"
FK4,852.0626991
FK5,791.0654183
FK6,"2,435.35"
FK7,"11,739.35"
FK8,"4,641.78"
FK9,"2,335.49"
FY1,"2,158.73"
FY2,"2,182.64"
FY3,"2,261.13"
FY4,"2,937.65"
FY5,"8,484.93"
FY6,"7,411.82"
FY7,"2,995.09"
FY8,"9,898.06"
G1,"1,245.80"
G11,"3,733.80"
G12,"5,299.12"
G13,"7,429.14"
G14,"3,221.20"
G15,"1,137.18"
G2,"1,456.16"
G20,"3,290.28"
G21,"1,548.58"
G22,"1,137.30"
G23,376.0358043
G3,"4,470.05"
G31,"1,746.95"
G32,"1,810.32"
G33,"2,222.56"
G34,430.3034577
G4,"1,089.97"
G40,"1,007.25"
G41,"7,572.53"
G42,"3,437.81"
G43,"3,188.23"
G44,"2,306.42"
G45,"1,529.57"
G46,"1,945.77"
G5,"1,574.57"
G51,"5,439.70"
G52,"3,488.22"
G53,"3,209.42"
G60,272.6476378
G61,"7,187.90"
G62,"3,281.40"
G63,"3,364.11"
G64,"4,194.40"
G65,"2,372.82"
G66,"4,399.21"
G67,"3,801.97"
G68,"1,610.20"
G69,"2,027.40"
G71,"3,344.59"
G72,"5,272.71"
G73,"3,357.14"
G74,"2,764.39"
G75,"3,812.71"
G76,"6,232.84"
G77,"3,403.79"
G78,891.2537046
G81,"1,911.31"
G82,"4,740.76"
G83,"1,707.46"
G84,"4,081.13"
GL1,"3,124.51"
GL10,"4,979.70"
GL11,"7,511.90"
GL12,"3,668.41"
GL13,"2,793.33"
GL14,"3,596.69"
GL15,"8,534.05"
GL16,"3,219.24"
GL17,"2,065.78"
GL18,"2,279.40"
GL19,"3,257.52"
GL2,"19,940.18"
GL20,"12,724.99"
GL3,"7,846.30"
GL4,"9,948.06"
GL5,"11,833.26"
GL50,"8,375.86"
GL51,"14,073.80"
GL52,"11,655.44"
GL53,"3,378.29"
GL54,"8,903.02"
GL55,"2,493.11"
GL56,"7,050.22"
GL6,"5,273.31"
GL7,"15,022.94"
GL8,"5,154.93"
GL9,646.9648183
GU1,"8,355.95"
GU10,"6,808.59"
GU11,"2,877.08"
GU12,"4,670.93"
GU14,"10,202.27"
GU15,"7,022.18"
GU16,"3,884.79"
GU17,"2,221.37"
GU18,"1,228.44"
GU19,"1,542.42"
GU2,"6,871.32"
GU20,"1,709.42"
GU21,"9,234.19"
GU22,"4,440.67"
GU23,"1,459.98"
GU24,"4,740.87"
GU25,"1,494.88"
GU26,"3,308.48"
GU27,"4,778.00"
GU28,"2,699.52"
GU29,"4,692.75"
GU3,"4,768.01"
GU30,"4,207.69"
GU31,"4,830.15"
GU32,"4,195.34"
GU33,956.6671376
GU34,"7,250.40"
GU35,"6,244.24"
GU4,"2,808.90"
GU46,"4,637.63"
GU47,"3,369.36"
GU5,"1,487.98"
GU51,"5,755.99"
GU52,"2,282.94"
GU6,"6,145.15"
GU7,"13,680.28"
GU8,"7,704.53"
GU9,"8,458.54"
HA0,"1,394.92"
HA1,"2,025.55"
HA2,"1,827.27"
HA3,"3,591.00"
HA4,"6,436.35"
HA5,"7,968.95"
HA6,"3,891.44"
HA7,"7,899.37"
HA8,"3,477.97"
HA9,"1,408.29"
HD1,"3,432.80"
HD2,"3,554.17"
HD3,"3,535.41"
HD4,"5,093.91"
HD5,"2,486.78"
HD6,"7,050.92"
HD7,"2,188.60"
HD8,"5,982.92"
HD9,"4,513.54"
HG1,"7,158.35"
HG2,"5,571.72"
HG3,"6,689.42"
HG4,"15,314.57"
HG5,"4,094.03"
HP1,"3,914.09"
HP10,"4,517.14"
HP11,"2,792.91"
HP12,"3,779.31"
HP13,"4,689.04"
HP14,"7,106.77"
HP15,"1,274.56"
HP16,"2,087.43"
HP17,"2,196.90"
HP18,"5,027.93"
HP19,"2,649.35"
HP2,"5,671.36"
HP20,"2,778.78"
HP21,"4,921.79"
HP22,"11,245.78"
HP23,"1,929.85"
HP27,"4,391.55"
HP3,"3,154.79"
HP4,"4,666.53"
HP5,"5,339.83"
HP6,"3,059.52"
HP7,"2,310.65"
HP8,"1,137.68"
HP9,"4,028.63"
HR1,"8,495.92"
HR2,"12,574.23"
HR3,"5,655.55"
HR4,"6,402.44"
HR5,"1,864.09"
HR6,"10,650.05"
HR7,"1,626.75"
HR8,"4,528.26"
HR9,"5,921.37"
HS1,255.4465842
HS2,625.4683754
HS3,72.15566024
HS4,16.21452165
HS5,14.5675545
HS6,636.1826354
HS7,409.5801189
HS8,664.8618162
HS9,"1,716.93"
HU1,"1,965.74"
HU10,"8,047.86"
HU11,"3,382.97"
HU12,"7,334.34"
HU13,"1,972.10"
HU14,"5,739.20"
HU15,"6,908.53"
HU16,"5,972.74"
HU17,"8,949.95"
HU18,"1,848.33"
HU19,851.7933593
HU2,"1,206.12"
HU20,379.3683877
HU3,"6,925.31"
HU4,"2,443.45"
HU5,"8,646.25"
HU6,"6,344.66"
HU7,"3,191.80"
HU8,"5,505.88"
HU9,"9,206.41"
HX1,"5,444.68"
HX2,"6,960.40"
HX3,"9,614.46"
HX4,"9,392.01"
HX5,"3,097.25"
HX6,"9,067.57"
HX7,"2,209.68"
IG1,"1,764.87"
IG10,"2,778.14"
IG11,"2,168.18"
IG2,"1,236.66"
IG3,"1,984.98"
IG4,643.2524031
IG5,984.2643531
IG6,"1,149.25"
IG7,992.0646314
IG8,"4,694.02"
IG9,"2,175.63"
IP1,"5,483.31"
IP10,"1,384.80"
IP11,"5,552.79"
IP12,"7,042.31"
IP13,"7,302.95"
IP14,"16,472.47"
IP15,320.1996077
IP16,546.0541
IP17,"3,502.25"
IP18,"3,764.09"
IP19,"3,446.99"
IP2,"5,194.81"
IP20,"4,126.77"
IP21,"6,046.88"
IP22,"9,489.54"
IP23,"4,287.38"
IP24,"6,368.58"
IP25,"2,844.63"
IP26,"1,294.52"
IP27,"2,880.11"
IP28,"6,380.35"
IP29,"5,418.55"
IP3,"7,677.66"
IP30,"1,724.87"
IP31,"5,551.78"
IP32,"4,998.95"
IP33,"3,084.67"
IP4,"5,015.61"
IP5,"4,972.34"
IP6,"3,092.50"
IP7,"3,506.74"
IP8,"3,698.59"
IP9,"7,543.90"
IV1,469.7802869
IV10,220.0276095
IV11,78.10096112
IV12,"2,884.56"
IV13,130.3076863
IV14,381.5301727
IV15,"1,039.19"
IV16,902.3202084
IV17,"4,547.35"
IV18,"5,397.87"
IV19,"3,896.96"
IV2,"9,904.35"
IV20,867.9655597
IV21,"1,411.73"
IV22,"1,903.74"
IV23,400.7437842
IV24,"1,015.67"
IV25,"1,645.75"
IV26,451.6834249
IV27,"1,577.86"
IV28,183.1028128
IV3,"3,879.36"
IV30,"7,035.43"
IV31,"1,343.69"
IV32,872.7985316
IV36,"6,172.43"
IV4,814.8418857
IV40,561.7427388
IV41,67.1482208
IV42,164.3430082
IV43,96.49255487
IV44,121.2600509
IV45,104.2309958
IV46,39.47716256
IV47,170.904526
IV48,20.4467087
IV49,418.9758226
IV5,254.0813107
IV51,"2,428.77"
IV52,81.28048956
IV53,28.86466369
IV54,455.7289995
IV55,788.0585495
IV56,212.6256658
IV6,760.0215633
IV63,539.2428808
IV7,932.4250219
IV8,71.83190165
IV9,104.3119443
KA1,"2,765.84"
KA10,"3,071.07"
KA11,"1,190.39"
KA12,"7,533.58"
KA13,"5,023.19"
KA14,118.8101114
KA15,"1,032.77"
KA16,501.8997683
KA17,629.6829456
KA18,"4,922.01"
KA19,"5,692.04"
KA2,"1,258.62"
KA20,"1,381.02"
KA21,"1,270.64"
KA22,"1,156.08"
KA23,"5,445.48"
KA24,"1,648.23"
KA25,976.5949995
KA26,"3,800.44"
KA27,981.8102732
KA28,607.7169504
KA29,352.6831429
KA3,"2,169.64"
KA30,"2,770.52"
KA4,785.9421326
KA5,"6,231.47"
KA6,"1,620.05"
KA7,"5,298.61"
KA8,"3,231.88"
KA9,"3,357.12"
KT1,"2,387.71"
KT10,"2,851.36"
KT11,"2,896.44"
KT12,"6,397.87"
KT13,"4,055.51"
KT14,"1,372.30"
KT15,"2,935.66"
KT16,"1,973.26"
KT17,"4,799.69"
KT18,"2,833.33"
KT19,"5,015.12"
KT2,"3,214.94"
KT20,"2,865.09"
KT21,"1,137.28"
KT22,"2,500.30"
KT23,"2,039.78"
KT24,"3,469.82"
KT3,"4,413.69"
KT4,"4,153.30"
KT5,"1,436.50"
KT6,"2,402.10"
KT7,"1,457.02"
KT8,"3,099.68"
KT9,"1,702.32"
KW1,"3,421.36"
KW10,507.6767976
KW11,58.39017962
KW12,618.1986412
KW13,42.66974665
KW14,"4,955.09"
KW15,"7,597.55"
KW16,"4,719.81"
KW17,"6,178.20"
KW2,25.09328506
KW3,323.1404003
KW5,100.3770914
KW6,126.5880124
KW7,44.58529635
KW8,316.413275
KW9,610.3916896
KY1,"9,107.97"
KY10,"3,442.95"
KY11,"4,891.19"
KY12,"2,803.69"
KY13,"4,863.02"
KY14,"3,220.84"
KY15,"10,126.36"
KY16,"5,948.81"
KY2,"4,144.22"
KY3,"5,416.08"
KY4,"6,614.13"
KY5,"2,802.70"
KY6,"3,757.97"
KY7,"3,981.71"
KY8,"7,762.21"
KY9,929.2097469
L1,801.1451385
L10,"2,413.43"
L11,"1,623.36"
L12,"2,886.58"
L13,"2,434.28"
L14,"3,414.31"
L15,"2,057.52"
L16,"1,210.71"
L17,"2,424.80"
L18,"5,762.83"
L19,"7,263.27"
L2,239.1633547
L20,"1,891.81"
L21,"1,095.74"
L22,335.5537183
L23,877.9217853
L24,"1,776.30"
L25,"3,245.50"
L26,"1,248.78"
L27,509.4194877
L28,315.0281718
L29,54.13650156
L3,973.2756563
L30,"1,688.78"
L31,"3,029.84"
L32,"2,818.20"
L33,"1,965.89"
L34,"1,166.07"
L35,"2,053.84"
L36,"3,205.83"
L37,"5,058.27"
L38,882.74218
L39,"3,220.94"
L4,"2,427.94"
L40,"5,769.83"
L5,"1,091.64"
L6,"1,706.97"
L7,"1,359.45"
L8,"2,004.58"
L9,"2,805.69"
LA1,"11,315.61"
LA10,"2,008.24"
LA11,"3,542.13"
LA12,"6,175.04"
LA13,"3,882.08"
LA14,"4,618.12"
LA15,767.082928
LA16,425.3213251
LA17,"1,538.87"
LA18,"4,288.70"
FY0,0
G58,0
G70,0
G79,0
G90,0
GU95,0
IP98,0
IV99,0
KY99,0
L67,0
L69,0
L70,0
L71,0
L72,0
L74,0
L75,0
LA19,484.6886817
LA2,"8,120.13"
LA20,"1,832.74"
LA21,653.2227913
LA22,"2,294.06"
LA23,"2,604.75"
LA3,"3,298.47"
LA4,"2,740.93"
LA5,"6,589.36"
LA6,"14,412.55"
LA7,"1,395.08"
LA8,"2,905.06"
LA9,"10,836.90"
LD1,"5,953.68"
LD2,"1,700.64"
LD3,"11,177.56"
LD4,215.8477475
LD5,377.4742024
LD6,862.6182702
LD7,"3,100.84"
LD8,"1,142.14"
LE1,"1,009.20"
LE10,"6,948.17"
LE11,"3,297.94"
LE12,"13,357.45"
LE13,"6,622.44"
LE14,"4,798.45"
LE15,"18,629.57"
LE16,"13,776.94"
LE17,"3,196.70"
LE18,"5,975.50"
LE19,"2,240.73"
LE2,"12,001.70"
LE3,"9,174.60"
LE4,"3,753.85"
LE5,"3,189.73"
LE6,926.0284434
LE65,"2,393.38"
LE67,"6,158.99"
LE7,"2,646.19"
LE8,"6,257.85"
LE9,"6,468.96"
LL11,"6,544.74"
LL12,"9,691.94"
LL13,"12,575.87"
LL14,"4,500.86"
LL15,"8,737.59"
LL16,"13,531.44"
LL17,940.5957398
LL18,"6,939.53"
LL19,"3,670.60"
LL20,"2,496.00"
LL21,"2,691.49"
LL22,"4,919.46"
LL23,"9,441.95"
LL24,"1,592.46"
LL25,419.9974763
LL26,"2,788.72"
LL27,589.0023961
LL28,"3,312.02"
LL29,"5,735.01"
LL30,"6,975.66"
LL31,"4,679.76"
LL32,"3,061.62"
LL33,"2,110.26"
LL34,"2,475.95"
LL35,859.4969769
LL36,"4,365.70"
LL37,"1,034.20"
LL38,610.727176
LL39,176.7683881
LL40,"2,865.63"
LL41,"4,325.19"
LL42,"1,699.63"
LL43,294.5895827
LL44,635.8962061
LL45,450.8095734
LL46,"1,461.40"
LL47,93.42693001
LL48,338.6990336
LL49,693.2008136
LL51,114.9975869
LL52,380.1595071
LL53,"2,567.95"
LL54,"2,276.91"
LL55,"4,580.21"
LL56,518.5939085
LL57,"6,675.01"
LL58,"1,427.66"
LL59,"1,816.45"
LL60,"1,400.88"
LL61,"2,113.72"
LL62,"1,109.48"
LL63,987.9215489
LL64,"1,116.10"
LL65,"10,898.28"
LL66,120.0707466
LL67,667.8584826
LL68,"2,708.52"
LL69,338.69001
LL70,144.7265651
LL71,851.9365145
LL72,463.4136987
LL73,134.8493519
LL74,908.3049232
LL75,551.8629436
LL76,81.08201609
LL77,"2,278.65"
LL78,148.3229565
LN1,"7,073.74"
LN10,"1,647.02"
LN11,"9,852.04"
LN12,"2,703.07"
LN13,"2,279.24"
LN2,"5,360.31"
LN3,"2,096.33"
LN4,"10,983.19"
LN5,"3,946.86"
LN6,"8,553.15"
LN7,854.5812554
LN8,"7,035.93"
LN9,"1,833.66"
LS1,460.1196679
LS10,"2,343.78"
LS11,"2,009.61"
LS12,"9,792.87"
LS13,"5,077.54"
LS14,"1,671.38"
LS15,"2,347.77"
LS16,"11,506.24"
LS17,"14,631.69"
LS18,"6,007.12"
LS19,"2,853.86"
LS2,508.2861751
LS20,"2,407.24"
LS21,"7,549.84"
LS22,"4,308.50"
LS23,"3,039.66"
LS24,"2,197.27"
LS25,"7,561.58"
LS26,"4,622.38"
LS27,"15,354.21"
LS28,"8,903.91"
LS29,"7,803.59"
LS3,224.0010298
LS4,437.1125651
LS5,810.2098445
LS6,"6,329.85"
LS7,"4,559.00"
LS8,"3,401.96"
LS9,"1,582.87"
LU1,"4,057.21"
LU2,"6,484.98"
LU3,"6,558.59"
LU4,"2,935.74"
LU5,"4,027.55"
LU6,"2,623.66"
LU7,"12,004.87"
M1,530.3782087
M11,787.8587824
M12,457.6146486
M13,794.8468455
M14,"3,941.84"
M15,"1,999.93"
M16,"4,727.88"
M17,174.5052588
M18,"1,255.87"
M19,"1,737.87"
M2,138.1536401
M20,"3,386.54"
M21,"2,771.31"
M22,"4,222.13"
M23,"2,824.97"
M24,"2,951.60"
M25,"1,252.65"
M26,"3,412.59"
M27,"6,215.44"
M28,"3,038.86"
M29,"2,087.04"
M3,664.3101747
M30,"3,117.50"
M31,"1,623.98"
M32,"2,551.78"
M33,"6,399.17"
M34,"5,067.00"
M35,546.5141772
M38,948.0252534
M4,351.344729
M40,"1,320.39"
M41,"4,296.71"
M43,"1,321.16"
M44,"2,558.85"
M45,"1,453.51"
M46,"1,873.31"
M5,"1,002.83"
M50,232.9261799
M6,"1,607.05"
M7,"1,131.59"
M8,967.3615162
M9,"1,400.02"
M90,26.78157906
ME1,"6,285.47"
ME10,"7,284.37"
ME11,773.6975654
ME12,"3,484.43"
ME13,"7,729.14"
ME14,"11,020.18"
ME15,"8,314.16"
ME16,"3,964.33"
ME17,"4,605.36"
ME18,"1,521.37"
ME19,"3,172.16"
ME2,"5,051.78"
ME20,"4,560.63"
ME3,"3,114.29"
ME4,"3,988.96"
ME5,"10,121.06"
ME6,"1,500.83"
ME7,"4,609.82"
ME8,"7,107.59"
ME9,"3,385.09"
MK1,277.5635176
MK10,"4,523.91"
MK11,"2,507.41"
MK12,"1,178.97"
MK13,993.568074
MK14,"4,363.74"
MK15,"4,620.64"
MK16,"7,237.34"
MK17,"3,880.23"
MK18,"10,547.38"
MK19,"1,059.45"
MK2,"1,707.03"
MK3,"2,608.06"
MK4,"2,321.36"
MK40,"2,849.49"
MK41,"8,779.65"
MK42,"3,334.40"
MK43,"2,853.57"
MK44,"2,595.62"
MK45,"12,401.20"
MK46,519.7028389
MK5,981.6578623
MK6,"3,891.98"
MK7,"3,470.37"
MK8,916.2766076
MK9,487.8089222
ML1,"6,599.29"
ML10,"4,725.56"
ML11,"19,810.22"
ML12,"6,730.75"
ML2,"2,288.37"
ML3,"5,756.50"
ML4,"2,658.36"
ML5,"4,357.39"
ML6,"4,480.50"
ML7,848.4842238
ML8,"7,239.00"
ML9,"3,440.33"
N1,"6,778.58"
N10,"3,521.52"
N11,"2,147.60"
N12,"2,084.65"
N13,"1,307.79"
N14,"2,450.78"
N15,"1,134.88"
N16,"1,586.56"
N17,"1,824.94"
N18,"1,044.51"
N19,"3,134.55"
N1C,75.17983372
N2,"2,919.62"
N20,"1,960.06"
N21,"1,753.21"
N22,"2,139.06"
N3,"2,618.54"
N4,"3,246.69"
N5,"1,422.57"
N6,"2,754.67"
N7,"4,225.95"
N8,"5,018.10"
N9,"1,997.58"
NE1,"2,210.74"
NE10,"7,656.30"
NE11,"2,088.65"
NE12,"3,571.20"
NE13,"2,934.71"
NE15,"3,441.38"
NE16,"3,861.42"
NE17,415.8377233
NE18,105.9296443
NE19,506.5693006
NE2,"4,984.87"
NE20,"2,406.16"
NE21,"1,274.56"
NE22,"5,405.98"
NE23,"13,565.94"
NE24,"13,249.91"
NE25,"7,081.70"
NE26,"2,015.10"
NE27,"1,421.67"
NE28,"3,151.77"
NE29,"7,064.92"
NE3,"7,824.27"
NE30,"2,910.10"
NE31,"1,227.53"
NE32,"1,622.44"
NE33,"3,450.94"
NE34,"4,787.40"
NE35,395.045513
NE36,"1,186.25"
NE37,"4,489.71"
NE38,"3,250.45"
NE39,566.1894429
NE4,"4,938.30"
NE40,"1,360.83"
NE41,274.1084025
NE42,"1,588.14"
NE43,"2,273.83"
NE44,544.4192519
NE45,567.690839
NE46,"5,700.37"
NE47,"2,947.79"
NE48,738.9477548
NE49,"4,468.44"
NE5,"4,435.00"
NE6,"7,870.99"
NE61,"6,262.50"
NE62,"1,988.87"
NE63,"8,180.18"
NE64,"1,091.48"
NE65,"6,739.09"
NE66,"9,519.82"
NE67,467.751694
NE68,538.875999
NE69,181.0994091
NE7,"1,936.91"
NE70,476.2823769
NE71,"1,761.70"
NE8,"3,573.50"
NE9,"8,644.01"
NG1,"2,387.32"
NG10,"3,539.91"
NG11,"6,369.63"
NG12,"14,121.65"
NG13,"7,761.65"
NG14,"9,351.66"
NG15,"10,759.53"
NG16,"10,365.77"
NG17,"6,187.67"
NG18,"2,798.76"
NG19,"7,149.50"
NG2,"6,495.13"
NG20,"2,896.63"
NG21,"3,677.27"
NG22,"6,952.51"
NG23,"6,219.60"
NG24,"9,768.21"
NG25,"5,780.44"
NG3,"7,252.31"
NG31,"9,241.93"
NG32,"3,396.12"
NG33,"2,424.77"
NG34,"18,395.86"
NG4,"5,651.17"
NG5,"6,407.00"
NG6,"1,901.30"
NG7,"8,443.78"
NG8,"20,048.27"
NG9,"9,061.72"
NN1,"8,024.44"
NN10,"2,921.25"
NN11,"10,586.51"
NN12,"11,083.19"
NN13,"4,355.05"
NN14,"15,266.27"
NN15,"4,855.37"
NN16,"6,975.41"
NN17,"2,537.60"
NN18,"2,193.23"
NN2,"4,684.81"
NN29,"1,494.35"
NN3,"10,895.84"
NN4,"4,542.57"
NN5,"5,939.39"
NN6,"7,453.01"
NN7,"4,657.29"
NN8,"7,698.91"
NN9,"2,876.91"
NP10,"2,185.09"
NP11,"6,076.43"
NP12,"4,319.18"
NP13,"1,459.93"
NP15,"4,748.06"
NP16,"8,332.03"
NP18,"4,835.60"
NP19,"6,815.57"
NP20,"7,319.25"
NP22,"4,285.73"
NP23,"3,540.09"
NP24,550.8884694
NP25,"6,915.12"
NP26,"5,354.80"
NP4,"7,507.03"
NP44,"8,040.49"
NP7,"11,244.16"
NP8,"2,769.52"
NR1,"9,201.59"
NR10,"5,290.97"
NR11,"3,491.98"
NR12,"6,437.22"
NR13,"5,329.75"
NR14,"19,434.75"
NR15,"13,840.63"
NR16,"5,731.22"
NR17,"4,791.54"
NR18,"2,973.28"
NR19,"3,545.76"
NR2,"3,625.60"
NR20,"6,136.02"
NR21,"8,825.85"
NR22,489.77593
NR23,"1,822.18"
NR24,963.0206919
NR25,"2,506.08"
NR26,"2,360.66"
NR27,"3,240.48"
NR28,"2,876.95"
NR29,"3,262.52"
NR3,"5,365.23"
NR30,"4,528.18"
NR31,"3,201.91"
NR32,"5,046.61"
NR33,"15,106.85"
NR34,"9,049.81"
NR35,"5,777.75"
NR4,"3,621.68"
NR5,"5,570.24"
NR6,"3,341.31"
NR7,"6,614.66"
NR8,"7,561.52"
NR9,"3,788.53"
NW1,"6,223.32"
NW10,"4,634.72"
NW11,"2,808.80"
NW2,"4,114.44"
NW3,"7,388.85"
NW4,"3,192.82"
NW5,"2,988.52"
NW6,"4,166.45"
NW7,"1,679.90"
NW8,"3,092.55"
NW9,"2,341.72"
OL1,"2,336.18"
OL10,"1,543.78"
OL11,"4,658.72"
OL12,"4,175.73"
OL13,"1,507.30"
OL14,"4,888.01"
OL15,"2,517.62"
OL16,"2,910.90"
OL2,"5,605.25"
OL3,"1,824.88"
OL4,"2,856.27"
OL5,"1,546.47"
OL6,"4,107.49"
OL7,"2,543.31"
OL8,"1,954.58"
OL9,"2,943.54"
OX1,"7,929.45"
OX10,"15,158.75"
OX11,"11,111.91"
OX12,"9,128.78"
OX13,"3,044.07"
OX14,"12,608.23"
OX15,"11,884.06"
OX16,"14,845.32"
OX17,"10,246.77"
OX18,"7,458.58"
OX2,"7,386.28"
OX20,663.2310836
OX25,"6,420.63"
OX26,"9,279.73"
OX27,"3,489.70"
OX28,"5,375.60"
LE87,0
LE95,0
LS98,0
LS99,0
M60,0
M61,0
M99,0
MK77,0
N81,0
NE85,0
NE92,0
NE98,0
NE99,0
NG80,0
NG90,0
NR99,0
OX29,"6,070.97"
OX3,"9,296.97"
OX33,"2,712.11"
OX39,"4,173.19"
OX4,"4,431.88"
OX44,"1,485.12"
OX49,"1,187.59"
OX5,"1,833.01"
OX7,"14,195.21"
OX9,"4,007.49"
PA1,"4,272.37"
PA10,"1,187.61"
PA11,690.6693077
PA12,404.1837754
PA13,542.9778764
PA14,"1,768.34"
PA15,"2,131.97"
PA16,"2,981.06"
PA17,487.5785379
PA18,300.8124219
PA19,"1,269.57"
PA2,"6,377.33"
PA20,"2,395.37"
PA21,211.6126316
PA22,74.31153661
PA23,"2,619.27"
PA24,108.4230356
PA25,19.20764066
PA26,29.28996742
PA27,172.16429
PA28,"5,033.94"
PA29,716.2759176
PA3,"4,373.55"
PA30,300.2949217
PA31,"1,267.63"
PA32,292.5767804
PA33,185.0294
PA34,"2,610.11"
PA35,345.8936749
PA36,11.00837347
PA37,594.7791783
PA38,214.5725944
PA4,"1,650.16"
PA41,114.7243272
PA42,511.2471852
PA43,361.3171002
PA44,136.8875541
PA45,54.08910919
PA46,84.76801609
PA47,112.032813
PA48,163.976186
PA49,96.14157599
PA5,"2,490.28"
PA6,646.7300299
PA60,128.9808608
PA61,100.3810712
PA62,10.99688765
PA63,3.806614954
PA64,25.37743303
PA65,55.52876558
PA66,44.58551441
PA67,86.57350047
PA68,5.503471008
PA69,8.621308757
PA7,229.9737697
PA70,24.19196276
PA71,12.54401126
PA72,89.94564088
PA73,19.76261034
PA74,11.16718207
PA75,339.3272971
PA76,41.38862835
PA77,"1,599.13"
PA78,164.8260639
PA8,519.5027346
PA80,84.3639594
PA9,456.6425072
PE1,"11,963.93"
PE10,"4,306.44"
PE11,"6,966.11"
PE12,"4,489.71"
PE13,"3,256.37"
PE14,"3,230.57"
PE15,"4,932.86"
PE16,"1,124.11"
PE19,"8,253.57"
PE2,"6,676.20"
PE20,"4,427.42"
PE21,"5,761.48"
PE22,"2,492.74"
PE23,"3,344.47"
PE24,"1,406.05"
PE25,670.1417723
PE26,"1,174.88"
PE27,"3,664.09"
PE28,"8,439.26"
PE29,"12,208.60"
PE3,"5,322.52"
PE30,"12,208.32"
PE31,"6,220.29"
PE32,"3,381.60"
PE33,"2,290.32"
PE34,"4,247.48"
PE35,31.20675191
PE36,988.9884808
PE37,"2,893.00"
PE38,"2,050.44"
PE4,"3,633.88"
PE5,257.4456931
PE6,"7,184.80"
PE7,"6,020.91"
PE8,"7,253.16"
PE9,"5,709.39"
PH1,"7,927.39"
PH10,"1,905.23"
PH11,615.3418062
PH12,467.1482232
PH13,707.3457535
PH14,375.5944167
PH15,"1,560.46"
PH16,"2,212.06"
PH17,116.991234
PH18,427.1721168
PH19,43.55714617
PH2,"9,730.99"
PH20,628.4701365
PH21,897.2151249
PH22,"1,534.89"
PH23,386.7423213
PH24,492.5821033
PH25,567.0072195
PH26,"1,945.29"
PH3,"3,074.84"
PH30,4.729214723
PH31,97.5447838
PH32,150.1626623
PH33,"2,014.67"
PH34,197.8351649
PH35,77.16020518
PH36,294.823922
PH37,29.46664558
PH38,43.65428975
PH39,85.25592055
PH4,401.6282813
PH40,54.24633844
PH41,174.4314483
PH42,17.82550165
PH43,12.0438801
PH44,11.45694637
PH49,209.7244858
PH5,200.7324656
PH50,191.5522802
PH6,645.0644718
PH7,"2,149.46"
PH8,460.5516429
PH9,453.8057269
PL1,"4,066.62"
PL10,"1,218.87"
PL11,"2,926.86"
PL12,"5,729.06"
PL13,"1,377.26"
PL14,"9,540.72"
PL15,"9,351.27"
PL16,"1,097.80"
PL17,"5,777.30"
PL18,"2,374.41"
PL19,"9,172.54"
PL2,"3,880.28"
PL20,"3,478.12"
PL21,"10,034.10"
PL22,"1,705.53"
PL23,"1,758.35"
PL24,"3,180.46"
PL25,"5,650.17"
PL26,"8,775.33"
PL27,"5,179.88"
PL28,"1,196.37"
PL29,730.8361586
PL3,"3,255.88"
PL30,"4,050.05"
PL31,"4,870.85"
PL32,956.0379074
PL33,838.7233339
PL34,717.9479314
PL35,227.6769057
PL4,"2,551.65"
PL5,"3,320.95"
PL6,"11,000.16"
PL7,"4,007.19"
PL8,"5,028.69"
PL9,"5,567.43"
PO1,"3,047.72"
PO10,"7,631.71"
PO11,"1,816.96"
PO12,"8,190.40"
PO13,"5,773.10"
PO14,"7,991.60"
PO15,"11,492.09"
PO16,"3,424.74"
PO17,"3,880.82"
PO18,"4,723.54"
PO19,"4,025.10"
PO2,"6,196.13"
PO20,"10,089.46"
PO21,"9,025.46"
PO22,"4,217.59"
PO3,"4,253.12"
PO30,"14,103.19"
PO31,"1,846.36"
PO32,"1,431.76"
PO33,"4,052.84"
PO34,594.3248554
PO35,"2,928.07"
PO36,"1,520.91"
PO37,665.2569655
PO38,"6,525.20"
PO39,"1,501.29"
PO4,"2,192.01"
PO40,"3,877.13"
PO41,"4,117.60"
PO5,"2,068.38"
PO6,"3,610.57"
PO7,"6,695.88"
PO8,"6,902.91"
PO9,"8,664.22"
PR1,"14,203.41"
PR2,"9,435.81"
PR25,"1,888.36"
PR26,"2,917.03"
PR3,"23,896.43"
PR4,"16,883.03"
PR5,"6,399.21"
PR6,"2,234.25"
PR7,"3,984.17"
PR8,"7,894.08"
PR9,"8,312.27"
RG1,"4,476.51"
RG10,"9,500.89"
RG12,"6,600.90"
RG14,"14,851.32"
RG17,"3,792.89"
RG18,"9,473.70"
RG19,"9,807.01"
RG2,"5,911.74"
RG20,"11,687.10"
RG21,"2,731.00"
RG22,"5,326.30"
RG23,"1,358.68"
RG24,"2,866.10"
RG25,"3,627.65"
RG26,"4,495.21"
RG27,"5,475.29"
RG28,"1,154.55"
RG29,"1,347.44"
RG30,"4,535.43"
RG31,"2,332.95"
RG4,"4,539.47"
RG40,"11,801.72"
RG41,"7,028.25"
RG42,"4,199.77"
RG45,"2,751.50"
RG5,"3,912.47"
RG6,"3,784.33"
RG7,"12,229.36"
RG8,"4,869.88"
RG9,"12,299.39"
RH1,"13,722.43"
RH10,"7,437.19"
RH11,"7,817.79"
RH12,"15,448.96"
RH13,"11,440.50"
RH14,"7,593.66"
RH15,"6,349.77"
RH16,"5,680.41"
RH17,"2,987.51"
RH18,620.6281459
RH19,"6,568.49"
RH2,"7,277.85"
RH20,"8,972.48"
RH3,950.482195
RH4,"1,825.52"
RH5,"8,691.21"
RH6,"5,743.08"
RH7,"3,480.86"
RH8,"2,699.39"
RH9,"1,347.89"
RM1,"1,662.25"
RM10,"2,044.52"
RM11,"2,542.22"
RM12,"3,058.28"
RM13,"1,883.01"
RM14,"8,678.87"
RM15,"1,846.75"
RM16,"2,750.05"
RM17,"2,705.88"
RM18,923.0607945
RM19,208.3655399
RM2,904.2947957
RM20,344.0737022
RM3,"8,043.90"
RM4,618.6792181
RM5,853.2060138
RM6,"2,046.27"
RM7,"3,170.32"
RM8,"2,034.67"
RM9,"1,176.96"
S1,819.2155105
S10,"5,380.07"
S11,"4,909.99"
S12,"4,829.48"
S13,"2,299.13"
S14,831.8378251
S17,"2,023.39"
S18,"6,789.77"
S2,"3,027.03"
S20,"4,082.42"
S21,"2,804.51"
S25,"3,621.12"
S26,"2,899.84"
S3,"1,752.24"
S32,"3,376.66"
S33,"1,639.87"
S35,"4,311.74"
S36,"9,956.23"
S4,"1,241.55"
S40,"5,016.70"
S41,"8,042.82"
S42,"3,062.34"
S43,"7,827.52"
S44,"3,224.90"
S45,"1,761.04"
S5,"3,259.71"
S6,"7,880.40"
S60,"1,558.64"
S61,"1,680.02"
S62,"2,403.69"
S63,"7,105.37"
S64,"1,598.08"
S65,"1,150.99"
S66,"2,563.89"
S7,"2,943.66"
S70,"4,753.91"
S71,"5,519.56"
S72,"1,867.79"
S73,"1,325.89"
S74,"1,843.98"
S75,"4,480.59"
S8,"6,740.04"
S80,"5,439.14"
S81,"5,482.85"
S9,"2,885.53"
SA1,"13,062.08"
SA10,"5,932.46"
SA11,"10,091.91"
SA12,"7,703.87"
SA13,"3,646.59"
SA14,"3,770.71"
SA15,"8,341.97"
SA16,"2,550.75"
SA17,"4,997.64"
SA18,"6,552.21"
SA19,"8,140.56"
SA2,"12,263.10"
SA20,"1,183.03"
SA3,"8,974.77"
SA31,"6,943.03"
SA32,"2,381.95"
SA33,"10,928.94"
SA34,"5,824.71"
SA35,288.0434784
SA36,145.4007616
SA37,544.5319417
SA38,"1,771.62"
SA39,"2,001.58"
SA4,"5,348.96"
SA40,"2,353.13"
SA41,861.2999747
SA42,803.4339445
SA43,"6,097.71"
SA44,"6,884.57"
SA45,945.6238152
SA46,"2,750.51"
SA47,564.0231884
SA48,"7,577.32"
SA5,"3,487.61"
SA6,"7,248.50"
SA61,"10,812.35"
SA62,"17,104.53"
SA63,"2,272.01"
SA64,"1,024.17"
SA65,"1,417.84"
SA66,"3,782.56"
SA67,"6,637.95"
SA68,"1,160.69"
SA69,842.3131349
SA7,"2,096.43"
SA70,"1,778.07"
SA71,"1,264.37"
SA72,"1,119.18"
SA73,"3,904.37"
SA8,"5,158.02"
SA9,"3,054.39"
SE1,"1,698.08"
SE10,"2,065.03"
SE11,945.0454016
SE12,"1,386.67"
SE13,"1,406.27"
SE14,928.4155497
SE15,"1,463.83"
SE16,"1,193.81"
SE17,568.317968
SE18,"4,248.90"
SE19,895.4546982
SE2,"1,673.40"
SE20,779.564429
SE21,826.9638664
SE22,"1,711.71"
SE23,"1,937.77"
SE24,710.0347452
SE25,"1,399.82"
SE26,"1,408.00"
SE27,971.573265
SE28,"1,192.10"
SE3,"1,954.06"
SE4,"1,245.66"
SE5,710.5185332
SE6,"2,273.05"
SE7,"4,139.92"
SE8,"1,137.52"
SE9,"4,232.64"
SG1,"8,097.57"
SG10,351.6725746
SG11,"1,332.26"
SG12,"17,059.79"
SG13,"5,277.74"
SG14,"7,153.85"
SG15,612.574475
SG16,874.4000311
SG17,"1,765.78"
SG18,"6,707.94"
SG19,"10,703.29"
SG2,"4,925.18"
SG3,"2,129.31"
SG4,"2,399.68"
SG5,"11,673.22"
SG6,"3,146.76"
SG7,"2,123.03"
SG8,"9,491.32"
SG9,"4,597.25"
SK1,"1,453.43"
SK10,"14,206.41"
SK11,"9,354.01"
SK12,"6,937.85"
SK13,"4,019.50"
SK14,"2,873.04"
SK15,"1,353.83"
SK16,"1,410.50"
SK17,"8,766.47"
SK2,"1,996.68"
SK22,"3,787.06"
SK23,"6,006.10"
SK3,"5,861.30"
SK4,"4,410.27"
SK5,"3,721.59"
SK6,"5,212.61"
SK7,"5,209.19"
SK8,"16,534.65"
SK9,"13,842.09"
SL0,840.621909
SL1,"9,058.16"
SL2,"6,807.93"
SL3,"3,116.91"
SL4,"9,667.78"
SL5,"4,858.61"
SL6,"16,266.52"
SL7,"13,536.29"
SL8,654.8471752
SL9,"5,160.49"
SM1,"3,892.05"
SM2,"3,897.59"
SM3,"3,135.33"
SM4,"3,184.77"
SM5,"2,682.51"
SM6,"1,827.05"
SM7,"2,967.06"
SN1,"13,372.90"
SN10,"4,324.27"
SN11,"6,016.09"
PL95,0
PR11,0
RH77,0
S49,0
S95,0
S96,0
S97,0
S98,0
S99,0
SA80,0
SA99,0
SE1P,0
SL95,0
SN12,"7,548.38"
SN13,"8,135.34"
SN14,"7,933.36"
SN15,"22,834.60"
SN16,"9,901.97"
SN2,"10,469.23"
SN25,"4,621.51"
SN26,251.1030471
SN3,"18,189.77"
SN4,"15,968.24"
SN5,"6,300.91"
SN6,"7,568.93"
SN7,"4,698.02"
SN8,"17,657.38"
SN9,"1,113.23"
SO14,"1,834.29"
SO15,"4,113.67"
SO16,"7,176.20"
SO17,"1,416.94"
SO18,"3,763.88"
SO19,"4,068.79"
SO20,"1,606.57"
SO21,"13,931.11"
SO22,"4,715.48"
SO23,"6,701.44"
SO24,"3,436.57"
SO30,"6,157.43"
SO31,"11,002.60"
SO32,"7,680.85"
SO40,"5,848.65"
SO41,"5,930.76"
SO42,"1,024.07"
SO43,923.9120077
SO45,"9,056.07"
SO50,"11,796.38"
SO51,"5,011.11"
SO52,999.4811058
SO53,"7,742.61"
SP1,"10,344.92"
SP10,"7,646.30"
SP11,"5,304.17"
SP2,"8,323.73"
SP3,"4,867.54"
SP4,"11,171.06"
SP5,"6,281.01"
SP6,"10,293.55"
SP7,"7,282.48"
SP8,"9,178.75"
SP9,"4,715.64"
SR1,331.9978339
SR2,940.2657887
SR3,"1,462.80"
SR4,"3,017.94"
SR5,"4,940.83"
SR6,"3,807.13"
SR7,"1,954.07"
SR8,"1,637.62"
SS0,"6,210.11"
SS1,"3,333.25"
SS11,"1,871.91"
SS12,946.0494267
SS13,"2,114.86"
SS14,"4,208.82"
SS15,"3,804.02"
SS16,"6,791.98"
SS17,"2,462.24"
SS2,"5,100.50"
SS3,"2,988.91"
SS4,"2,078.97"
SS5,"3,358.16"
SS6,"3,919.83"
SS7,"6,232.73"
SS8,"4,062.72"
SS9,"7,799.72"
ST1,"3,433.36"
ST10,"9,404.91"
ST11,"3,638.13"
ST12,965.6123857
ST13,"9,189.80"
ST14,"8,787.66"
ST15,"12,321.86"
ST16,"4,699.23"
ST17,"7,472.04"
ST18,"3,608.57"
ST19,"7,700.33"
ST2,"7,341.72"
ST20,"2,337.41"
ST21,"5,809.12"
ST3,"8,920.54"
ST4,"4,273.72"
ST5,"8,969.57"
ST6,"5,587.67"
ST7,"12,200.70"
ST8,"5,407.02"
ST9,"2,168.61"
SW10,"1,103.85"
SW11,"5,446.33"
SW12,"2,078.06"
SW13,"2,316.18"
SW14,"3,666.80"
SW15,"3,962.05"
SW16,"4,486.94"
SW17,"3,929.92"
SW18,"2,687.51"
SW19,"11,780.16"
SW1A,101.0083987
SW1E,237.5209847
SW1H,199.8505551
SW1P,"2,256.42"
SW1V,"4,085.07"
SW1W,"1,461.72"
SW1X,839.4726265
SW1Y,131.1122777
SW2,"3,046.24"
SW20,"3,347.70"
SW3,"2,196.92"
SW4,"3,080.47"
SW5,799.8023225
SW6,"5,856.46"
SW7,"1,198.63"
SW8,"3,453.97"
SW9,"1,097.47"
SY1,"4,606.76"
SY10,"5,465.60"
SY11,"9,520.12"
SY12,"7,645.18"
SY13,"12,774.99"
SY14,"5,859.97"
SY15,"4,492.75"
SY16,"5,823.72"
SY17,"2,064.79"
SY18,"3,479.56"
SY19,"1,402.59"
SY2,"4,045.04"
SY20,"5,122.44"
SY21,"8,967.27"
SY22,"4,788.24"
SY23,"12,305.91"
SY24,548.6282696
SY25,"3,802.26"
SY3,"9,646.02"
SY4,"8,162.63"
SY5,"8,086.82"
SY6,"3,237.29"
SY7,"4,584.74"
SY8,"11,765.29"
SY9,"1,535.73"
TA1,"14,715.01"
TA10,"2,775.04"
TA11,"2,120.31"
TA12,"4,853.72"
TA13,"1,359.96"
TA14,"2,381.21"
TA15,529.2144888
TA16,610.8091734
TA17,242.5659635
TA18,"3,861.60"
TA19,"5,714.27"
TA2,"6,653.59"
TA20,"7,029.17"
TA21,"10,647.35"
TA22,"1,582.24"
TA23,"1,670.05"
TA24,"6,978.35"
TA3,"7,273.03"
TA4,"7,764.78"
TA5,"5,052.36"
TA6,"13,611.35"
TA7,"12,105.58"
TA8,"6,544.77"
TA9,"3,970.73"
TD1,"4,820.70"
TD10,773.2314324
TD11,"6,880.69"
TD12,"4,412.10"
TD13,333.2206235
TD14,"2,428.06"
TD15,"7,785.33"
TD2,639.7470846
TD3,"1,388.81"
TD4,362.2809769
TD5,"6,068.81"
TD6,"2,892.00"
TD7,"1,699.60"
TD8,"1,055.54"
TD9,"5,452.14"
TF1,"9,480.68"
TF10,"7,870.12"
TF11,"6,101.21"
TF12,"2,534.27"
TF13,"2,081.19"
TF2,"9,506.61"
TF3,"3,044.49"
TF4,"2,741.17"
TF5,524.7672502
TF6,"1,353.51"
TF7,"1,430.52"
TF8,840.8735058
TF9,"13,884.74"
TN1,"1,918.21"
TN10,540.9736543
TN11,"1,633.19"
TN12,"17,667.60"
TN13,"6,382.43"
TN14,"5,980.99"
TN15,"7,880.75"
TN16,"5,532.47"
TN17,"9,170.50"
TN18,"2,072.72"
TN19,"2,130.21"
TN2,"4,912.87"
TN20,717.8121464
TN21,"7,139.45"
TN22,"8,995.02"
TN23,"7,382.44"
TN24,"4,917.46"
TN25,"4,246.95"
TN26,"2,102.99"
TN27,"6,241.43"
TN28,"2,742.37"
TN29,"4,416.69"
TN3,"1,406.23"
TN30,"4,745.05"
TN31,"4,824.89"
TN32,"2,778.21"
TN33,"5,764.96"
TN34,"2,876.51"
TN35,"1,859.26"
TN36,483.4528659
TN37,"2,356.44"
TN38,"3,001.34"
TN39,"5,418.51"
TN4,"4,783.31"
TN40,"3,380.55"
TN5,"1,898.19"
TN6,"4,242.75"
TN7,339.6707694
TN8,"2,721.69"
TN9,"2,069.90"
TQ1,"5,259.19"
TQ10,"1,548.72"
TQ11,"1,231.75"
TQ12,"15,916.82"
TQ13,"9,698.12"
TQ14,"4,336.27"
TQ2,"11,798.04"
TQ3,"7,837.76"
TQ4,"4,472.14"
TQ5,"6,537.47"
TQ6,"2,205.28"
TQ7,"7,787.98"
TQ8,"1,458.18"
TQ9,"11,858.03"
TR1,"11,822.76"
TR10,"2,155.91"
TR11,"9,483.78"
TR12,"2,123.11"
TR13,"6,784.86"
TR14,"9,477.04"
TR15,"6,097.51"
TR16,"4,522.82"
TR17,389.9676798
TR18,"3,897.77"
TR19,"2,496.85"
TR2,"6,299.15"
TR20,"2,474.55"
TR21,211.5284676
TR22,8.533949329
TR23,12.12164155
TR24,34.75736448
TR25,12.07952196
TR26,"5,522.53"
TR27,"7,290.04"
TR3,"3,430.73"
TR4,"4,298.59"
TR5,396.4022316
TR6,474.1762382
TR7,"7,464.78"
TR8,"4,892.94"
TR9,"6,548.81"
TS1,"4,021.95"
TS10,"4,861.91"
TS11,"2,654.84"
TS12,"4,091.16"
TS13,"1,179.69"
TS14,"3,495.35"
TS15,"3,418.82"
TS16,"2,297.69"
TS17,"9,700.30"
TS18,"2,945.35"
TS19,"2,992.17"
TS2,889.7088558
TS20,"2,837.65"
TS21,"2,170.92"
TS22,819.6251408
TS23,"5,905.36"
TS24,"1,921.63"
TS25,"4,567.88"
TS26,"2,905.05"
TS27,753.0965566
TS28,229.4995019
TS29,411.5866401
TS3,425.0125139
TS4,519.6256201
TS5,"3,811.16"
TS6,462.4408426
TS7,830.0917258
TS8,"1,496.68"
TS9,"5,243.04"
TW1,"3,363.76"
TW10,"3,418.11"
TW11,"4,503.18"
TW12,"4,330.21"
TW13,"4,185.45"
TW14,"2,158.43"
TW15,"4,137.38"
TW16,"4,328.87"
TW17,"3,556.13"
TW18,"6,078.49"
TW19,"2,100.89"
TW2,"3,369.25"
TW20,"7,261.47"
TW3,"1,917.91"
TW4,"1,272.65"
TW5,"1,236.67"
TW6,82.00846185
TW7,"3,201.80"
TW8,"1,308.71"
TW9,"5,695.63"
UB1,"1,807.87"
UB10,"3,466.00"
UB11,22.85660336
UB2,"1,749.93"
UB3,"4,393.33"
UB4,"2,308.94"
UB5,"3,505.39"
UB6,"3,032.02"
UB7,"2,310.70"
UB8,"2,611.58"
UB9,"3,367.53"
W10,"2,028.34"
W11,"3,089.75"
W12,"2,734.34"
W13,"2,487.46"
W14,"3,004.38"
W1A,1.4073352
W1B,112.9635661
W1C,47.49267935
W1D,171.4604369
W1F,186.932751
W1G,591.3457166
W1H,"1,221.73"
W1J,459.9935947
W1K,699.0923042
W1S,175.217052
W1T,732.1421542
W1U,846.6673636
W1W,410.6549786
W2,"5,283.31"
W3,"2,377.75"
W4,"4,769.23"
W5,"2,662.51"
W6,"3,262.81"
W7,"2,391.75"
W8,"2,159.50"
W9,"2,239.58"
WA1,"2,264.81"
WA10,"2,162.05"
WA11,"4,247.29"
WA12,"2,298.69"
WA13,"2,138.68"
WA14,"3,026.15"
WA15,"3,940.27"
WA16,"5,886.22"
WA2,"3,056.16"
WA3,"7,830.26"
WA4,"10,926.24"
WA5,"9,942.62"
WA6,"8,144.68"
WA7,"11,706.85"
WA8,"8,665.34"
WA9,"14,940.70"
WC1A,44.04812817
WC1B,67.15455193
WC1E,86.1302009
WC1H,462.3362
WC1N,260.1976714
WC1R,31.90692899
WC1V,11.2652524
WC1X,412.3361208
WC2A,14.91930876
WC2B,36.57058999
WC2E,48.21405356
WC2H,90.65801126
WC2N,62.05380144
WC2R,14.29599531
WD17,"5,651.88"
WD18,"2,359.01"
WD19,"4,440.55"
WD23,"4,859.25"
WD24,"3,061.94"
WD25,"3,060.07"
WD3,"6,697.17"
WD4,"1,840.86"
WD5,"2,106.21"
WD6,"3,069.93"
WD7,"3,464.89"
WF1,"7,038.32"
WF10,"8,995.53"
WF11,"1,719.85"
WF12,"11,470.41"
WF13,"3,420.33"
WF14,"1,751.94"
WF15,"1,490.61"
WF16,640.8959564
WF17,"3,664.02"
WF2,"13,754.88"
WF3,"4,491.85"
WF4,"3,847.41"
WF5,"2,660.62"
WF6,"1,579.27"
WF7,"3,341.09"
WF8,"5,449.48"
WF9,"7,079.35"
WN1,"2,432.36"
WN2,"7,288.68"
WN3,"2,488.47"
WN4,"4,665.40"
WN5,"5,037.85"
WN6,"4,706.02"
WN7,"7,697.12"
WN8,"4,923.53"
WR1,"1,754.28"
WR10,"6,461.46"
WR11,"10,823.78"
WR12,"2,882.99"
WR13,"2,042.11"
WR14,"8,008.81"
WR15,"7,896.71"
WR2,"8,053.07"
WR3,"3,470.37"
WR4,"5,070.79"
WR5,"6,350.04"
WR6,"4,365.95"
WR7,"1,929.86"
WR8,"3,971.15"
WR9,"11,846.19"
WS1,"2,053.26"
WS10,"2,124.45"
WS11,"6,210.09"
WS12,"3,086.63"
WS13,"9,730.02"
WS14,"7,447.28"
WS15,"10,006.45"
WS2,"3,340.66"
WS3,"8,538.25"
WS4,"1,734.50"
WS5,"1,409.29"
WS6,"1,449.75"
WS7,"6,645.68"
WS8,"4,015.48"
WS9,"4,796.91"
WV1,"3,183.15"
WV10,"4,465.75"
WV11,"2,837.68"
WV12,"3,581.01"
WV13,"1,577.11"
WV14,"2,900.53"
WV15,"3,178.79"
WV16,"7,204.59"
WV2,"3,669.85"
WV3,"5,070.40"
WV4,"4,448.65"
WV5,"3,241.42"
WV6,"8,900.29"
WV7,744.7383947
WV8,"3,122.70"
WV9,508.8387153
YO1,"2,696.68"
YO10,"6,532.89"
YO11,"2,575.24"
YO12,"5,927.00"
YO13,"2,256.47"
YO14,"2,977.67"
YO15,"4,246.65"
YO16,"4,262.58"
YO17,"6,110.23"
YO18,"8,256.51"
SN38,0
SN99,0
SO97,0
SR9,0
SS99,0
ST55,0
SW95,0
SY99,0
WA55,0
WA88,0
WD99,0
WF90,0
WR99,0
YO19,"7,103.82"
YO21,"5,965.07"
YO22,"2,260.74"
YO23,"4,110.47"
YO24,"7,663.15"
YO25,"11,597.34"
YO26,"10,574.30"
YO30,"6,491.74"
YO31,"4,974.69"
YO32,"6,416.70"
YO41,"3,666.08"
YO42,"6,220.75"
YO43,"6,980.51"
YO51,"2,038.56"
YO60,"4,512.05"
YO61,"13,811.55"
YO62,"8,312.63"
YO7,"5,471.45"
YO8,"5,866.53"
ZE1,"2,173.81"
ZE2,"5,259.71"
ZE3,120.4254386
YO90,0
