PostcodeDistrict,EstimatedCatPopulation
AB10,"1,675.72"
AB11,"2,072.99"
AB12,"3,601.57"
AB13,"1,153.84"
AB14,"2,325.13"
AB15,"8,774.02"
AB16,"5,664.09"
AB21,"5,429.21"
AB22,"1,950.47"
AB23,"1,094.73"
AB24,"1,994.16"
AB25,851.0035514
AB30,"4,225.42"
AB31,"3,961.30"
AB32,923.3044091
AB33,"1,960.82"
AB34,"2,182.35"
AB35,748.8826325
AB36,198.7987426
AB37,805.854518
AB38,"2,503.43"
AB39,"4,902.58"
AB41,"7,457.56"
AB42,"9,981.04"
AB43,"9,081.17"
AB44,"2,408.16"
AB45,"3,211.51"
AB51,"12,705.25"
AB52,"4,285.25"
AB53,"9,130.65"
AB54,"2,686.30"
AB55,"4,197.28"
AB56,866.9044183
AL1,"2,570.54"
AL10,"4,027.15"
AL2,"7,389.91"
AL3,"4,061.57"
AL4,"3,089.77"
AL5,"4,441.67"
AL6,"4,157.38"
AL7,"4,655.45"
AL8,"2,757.97"
AL9,"5,893.83"
B1,428.5319285
B10,575.8420669
B11,"1,444.01"
B12,607.8803998
B13,"1,600.86"
B14,"2,868.36"
B15,853.1961669
B16,"1,017.49"
B17,"1,844.87"
B18,678.657341
B19,265.329493
B2,88.52149839
B20,506.2086567
B21,508.5390567
B23,"2,462.92"
B24,"1,817.29"
B25,"1,018.06"
B26,"1,978.75"
B27,"3,100.61"
B28,"2,288.59"
B29,"1,778.16"
B3,131.8046082
B30,"1,575.49"
B31,"3,862.96"
B32,"2,272.32"
B33,"2,016.49"
B34,"1,001.63"
B35,747.7114246
B36,"1,950.34"
B37,"4,019.93"
B38,"1,374.84"
B4,63.97059597
B40,9.320749627
B42,"1,306.22"
B43,"3,183.93"
B44,"3,027.31"
B45,"3,147.61"
B46,"3,712.53"
B47,"2,482.76"
B48,"1,450.09"
B49,"2,452.52"
B5,439.1810073
B50,"1,274.87"
B6,236.6754937
B60,"4,385.65"
B61,"4,272.80"
B62,"2,833.20"
B63,"3,488.33"
B64,"1,468.08"
B65,"3,101.16"
B66,"1,125.08"
B67,"1,437.58"
B68,"2,077.93"
B69,"2,761.60"
B7,212.9204033
B70,"1,428.86"
B71,"2,133.97"
B72,567.5448289
B73,"1,731.02"
B74,"3,394.01"
B75,"1,767.23"
B76,"1,295.71"
B77,"3,906.41"
B78,"4,090.85"
B79,"4,156.18"
B8,786.8403906
B80,"1,019.40"
B9,706.7715058
B90,"10,127.42"
B91,"8,753.25"
B92,"6,475.57"
B93,"2,748.38"
B94,"1,742.39"
B95,777.4422182
B96,"1,658.51"
B97,"5,226.27"
B98,"3,474.19"
BA1,"7,063.64"
BA10,"1,211.93"
BA11,"11,619.51"
BA12,"11,330.13"
BA13,"2,863.35"
BA14,"4,602.97"
BA15,"2,293.41"
BA16,"1,440.70"
BA2,"17,395.63"
BA20,"1,686.00"
BA21,"5,087.77"
BA22,"6,687.52"
BA3,"8,018.55"
BA4,"7,430.48"
BA5,"5,317.42"
BA6,"4,176.98"
BA7,"4,010.26"
BA8,"1,342.55"
BA9,"3,770.64"
BB1,"7,302.31"
BB10,"2,179.23"
BB11,"2,256.60"
BB12,"3,562.15"
BB18,"5,154.70"
BB2,"9,418.52"
BB3,"5,147.07"
BB4,"4,432.70"
BB5,"4,200.15"
BB6,"2,768.09"
AB99,0
B99,0
BB7,"8,112.05"
BB8,"6,741.34"
BB9,"8,780.08"
BD1,297.20577
BD10,"4,495.64"
BD11,"5,002.59"
BD12,"1,268.53"
BD13,"1,245.74"
BD14,359.4094864
BD15,"1,303.96"
BD16,"3,204.17"
BD17,"3,592.47"
BD18,"6,775.68"
BD19,"3,654.71"
BD2,"4,257.05"
BD20,"17,324.58"
BD21,"4,928.16"
BD22,"2,324.76"
BD23,"11,090.69"
BD24,"4,844.16"
BD3,"3,987.95"
BD4,"5,002.06"
BD5,"1,179.69"
BD6,"1,286.31"
BD7,"1,230.80"
BD8,"1,635.46"
BD9,"2,060.46"
BH1,"2,392.46"
BH10,"2,645.07"
BH11,"2,277.64"
BH12,"3,634.95"
BH13,989.3254496
BH14,"3,177.19"
BH15,"3,934.76"
BH16,"1,696.54"
BH17,"2,816.25"
BH18,"1,824.47"
BH19,"2,012.77"
BH2,"1,114.41"
BH20,"8,999.01"
BH21,"16,030.49"
BH22,"4,327.27"
BH23,"11,202.45"
BH24,"12,741.27"
BH25,"4,883.87"
BH3,"1,009.75"
BH31,"4,582.86"
BH4,854.8001577
BH5,"1,010.31"
BH6,"2,119.66"
BH7,990.7446457
BH8,"2,878.34"
BH9,"3,665.29"
BL0,"1,311.50"
BL1,"4,431.51"
BL2,"6,802.64"
BL3,"3,819.55"
BL4,"2,364.03"
BL5,"3,114.15"
BL6,"4,716.62"
BL7,"1,499.30"
BL8,"4,556.94"
BL9,"6,749.93"
BN1,"12,964.63"
BN10,"3,164.88"
BN11,"6,825.70"
BN12,"3,402.88"
BN13,"7,415.08"
BN14,"11,746.57"
BN15,"6,906.32"
BN16,"8,717.39"
BN17,"3,731.14"
BN18,"3,490.23"
BN2,"14,037.54"
BN20,"7,068.60"
BN21,"2,642.45"
BN22,"4,717.09"
BN23,"6,475.35"
BN24,"1,972.45"
BN25,"4,297.38"
BN26,"2,932.97"
BN27,"4,564.88"
BN3,"8,336.43"
BN41,"2,939.46"
BN42,"2,771.77"
BN43,"7,524.24"
BN44,"2,867.60"
BN45,433.9472095
BN5,"2,131.34"
BN6,"2,527.32"
BN7,"4,951.27"
BN8,"6,627.19"
BN9,"2,420.78"
BR1,"3,612.05"
BR2,"2,546.50"
BR3,"2,436.91"
BR4,894.3004194
BR5,"4,479.64"
BR6,"5,444.55"
BR7,"1,161.42"
BR8,"2,279.51"
BS1,"2,209.63"
BS10,"3,088.43"
BS11,"2,231.48"
BS13,"4,145.87"
BS14,"10,205.62"
BS15,"5,829.98"
BS16,"10,282.87"
BS2,"2,604.99"
BS20,"8,138.08"
BS21,"3,518.51"
BS22,"6,221.49"
BS23,"7,059.80"
BS24,"4,543.95"
BS25,"2,406.08"
BS26,"1,860.99"
BS27,"4,583.88"
BS28,"4,034.58"
BS29,543.5716912
BS3,"4,953.58"
BS30,"5,400.72"
BS31,"2,578.83"
BS32,"4,899.43"
BS34,"4,383.32"
BS35,"3,081.31"
BS36,"2,518.38"
BS37,"3,337.82"
BS39,"3,905.76"
BS4,"12,959.10"
BS40,"11,526.62"
BS41,930.5047501
BS48,"7,687.90"
BS49,"2,310.27"
BS5,"6,166.18"
BS6,"3,130.92"
BS7,"3,448.69"
BS8,"2,715.67"
BS9,"2,842.30"
CA1,"7,111.54"
CA10,"7,348.87"
BB94,0
BD97,0
BD98,0
BD99,0
BL11,0
BL78,0
BN50,0
BN88,0
BN99,0
BS98,0
BS99,0
CA11,"8,559.79"
CA12,"3,894.39"
CA13,"4,699.07"
CA14,"6,064.32"
CA15,"2,186.97"
CA16,"2,506.51"
CA17,"2,819.23"
CA18,150.4527371
CA19,531.5968392
CA2,"6,117.04"
CA20,"1,151.12"
CA21,271.2143297
CA22,"3,201.36"
CA23,489.5077269
CA24,252.5388976
CA25,"1,520.98"
CA26,911.5772662
CA27,518.534605
CA28,"4,568.21"
CA3,"7,369.39"
CA4,"5,509.06"
CA5,"4,756.77"
CA6,"8,040.16"
CA7,"8,003.29"
CA8,"6,824.98"
CA9,"1,819.93"
CB1,"7,020.09"
CB10,"3,600.16"
CB11,"4,028.44"
CB2,"1,716.78"
CB21,"7,162.24"
CB22,"4,025.49"
CB23,"11,053.48"
CB24,"9,965.52"
CB25,"6,553.24"
CB3,"6,033.83"
CB4,"6,558.07"
CB5,"6,375.93"
CB6,"4,823.85"
CB7,"4,209.86"
CB8,"23,544.45"
CB9,"4,547.14"
CF10,946.5707352
CF11,"2,867.65"
CF14,"12,137.01"
CF15,"2,348.72"
CF23,"5,623.85"
CF24,"2,998.85"
CF3,"4,138.22"
CF31,"9,971.15"
CF32,"3,136.57"
CF33,"2,773.71"
CF34,"4,096.46"
CF35,"3,317.96"
CF36,"4,133.79"
CF37,"2,188.90"
CF38,"1,548.71"
CF39,"1,552.01"
CF40,656.3555234
CF41,316.6766554
CF42,374.6091904
CF43,792.1755911
CF44,"1,712.45"
CF45,"3,640.84"
CF46,"1,139.27"
CF47,"3,755.45"
CF48,"4,258.39"
CF5,"9,832.82"
CF61,"1,379.32"
CF62,"3,923.60"
CF63,"1,903.19"
CF64,"3,121.63"
CF71,"1,701.53"
CF72,"5,373.64"
CF81,"1,573.18"
CF82,"1,672.72"
CF83,"6,076.57"
CH1,"5,491.71"
CH2,"9,233.04"
CH3,"7,982.71"
CH4,"8,291.39"
CH41,"1,941.11"
CH42,"4,211.23"
CH43,"3,947.70"
CH44,"3,644.97"
CH45,"4,661.69"
CH46,"2,894.85"
CH47,"2,679.82"
CH48,"2,793.38"
CH49,"3,843.05"
CH5,"19,243.29"
CH6,"4,411.96"
CH60,"4,606.26"
CH61,"4,472.59"
CH62,"2,044.91"
CH63,"5,123.08"
CH64,"10,244.88"
CH65,"2,724.26"
CH66,"8,896.63"
CH7,"16,371.83"
CH8,"10,826.54"
CM0,"4,680.20"
CM1,"7,517.25"
CM11,"1,694.67"
CM12,"2,755.06"
CM13,"3,614.94"
CM14,"1,307.37"
CM15,"4,105.92"
CM16,"6,165.72"
CM17,"2,713.40"
CM18,810.0322697
CM19,"1,683.06"
CM2,"11,329.95"
CM20,"5,659.11"
CM21,"3,509.29"
CM22,"3,390.02"
CM23,"9,780.60"
CM24,"2,575.44"
CM3,"10,163.19"
CM4,"3,388.84"
CM5,"3,866.10"
CM6,"7,192.19"
CM7,"6,437.32"
CM77,"2,853.38"
CM8,"4,772.04"
CM9,"9,686.15"
CO1,"4,489.73"
CO10,"10,792.12"
CO11,"1,248.36"
CO12,"2,677.59"
CO13,571.1376153
CO14,288.0679836
CO15,"3,760.95"
CO16,"3,705.67"
CO2,"5,201.51"
CO3,"3,669.01"
CO4,"6,081.96"
CO5,"8,185.33"
CO6,"6,897.57"
CO7,"6,541.70"
CO8,"1,597.28"
CO9,"7,819.43"
CR0,"7,868.29"
CR2,"3,306.56"
CR3,"8,537.06"
CR4,"2,917.01"
CR5,"4,125.31"
CR6,714.173794
CR7,733.3720299
CR8,"1,868.25"
CT1,"6,052.53"
CT10,"2,182.07"
CT11,"1,661.89"
CT12,"3,325.19"
CT13,"2,506.55"
CT14,"10,385.88"
CT15,"3,471.83"
CT16,"5,807.42"
CT17,"4,595.49"
CT18,"2,040.02"
CT19,"6,336.57"
CT2,"2,286.61"
CT20,"4,181.71"
CT21,"1,837.84"
CT3,"5,924.65"
CT4,"3,784.62"
CT5,"8,245.17"
CT6,"11,778.93"
CT7,"2,186.18"
CT8,"1,137.85"
CT9,"5,059.56"
CV1,"2,222.60"
CV10,"4,706.26"
CV11,"5,993.40"
CV12,"1,950.77"
CV13,"1,463.01"
CV2,"3,054.10"
CV21,"5,366.08"
CV22,"5,532.24"
CV23,"3,309.77"
CV3,"4,470.73"
CV31,"5,223.53"
CV32,"8,925.60"
CV33,"1,907.59"
CV34,"4,165.48"
CV35,"5,691.02"
CV36,"2,778.02"
CV37,"8,964.11"
CV4,"5,978.36"
CV47,"3,723.45"
CV5,"6,781.95"
CV6,"8,130.20"
CV7,"6,134.45"
CV8,"6,494.66"
CV9,"5,778.95"
CW1,"10,450.04"
CW10,"1,558.10"
CW11,"4,720.85"
CW12,"14,281.83"
CW2,"5,216.63"
CW3,"1,899.78"
CW4,"2,465.65"
CW5,"12,470.86"
CW6,"4,186.40"
CW7,"4,375.18"
CW8,"2,643.52"
CW9,"3,386.55"
DA1,"5,557.53"
DA10,742.2524364
DA11,"5,816.88"
DA12,"1,277.14"
DA13,"4,301.47"
DA14,"7,220.16"
DA15,"1,968.10"
DA16,"1,873.77"
DA17,884.1401587
DA18,229.8993912
DA2,"2,691.98"
DA3,"6,060.51"
DA4,"1,863.03"
DA5,"2,253.98"
DA6,777.4546634
DA7,"2,033.56"
DA8,"1,593.82"
DA9,"1,316.61"
DD1,727.3410374
DD10,"8,883.80"
DD11,"3,723.40"
DD2,"5,275.84"
DD3,"4,079.35"
DD4,"5,112.44"
DD5,"10,108.75"
DD6,"2,566.27"
DD7,"3,494.08"
DD8,"9,621.43"
DD9,"1,703.21"
DE1,"5,920.05"
DE11,"4,801.56"
DE12,"2,670.91"
DE13,"16,085.40"
DE14,"7,413.08"
DE15,"6,439.18"
DE21,"8,415.56"
DE22,"4,334.05"
DE23,"6,778.23"
DE24,"6,904.85"
DE3,"4,674.75"
DE4,"13,620.43"
DE45,"3,253.45"
DE5,"6,389.44"
DE55,"6,609.43"
DE56,"11,742.38"
DE6,"8,446.02"
DE65,"11,200.86"
DE7,"6,909.45"
DE72,"1,474.45"
DE73,"1,328.60"
DE74,"2,864.62"
DE75,"4,530.82"
DG1,"9,362.13"
DG10,"1,006.41"
DG11,"9,248.37"
DG12,"6,063.96"
DG13,"2,884.36"
DG14,599.5871965
DG16,"1,292.46"
DG2,"2,969.02"
DG3,"5,260.64"
DG4,"4,610.97"
DG5,"2,257.16"
DG6,"1,073.74"
DG7,"8,017.77"
DG8,"5,182.62"
DG9,"5,006.77"
DH1,"7,273.57"
DH2,"7,102.07"
DH3,"6,087.88"
DH4,"3,403.99"
DH5,"1,605.91"
DH6,"2,894.72"
DH7,"5,445.26"
DH8,"3,319.79"
DH9,"2,214.92"
DL1,"4,325.36"
DL10,"4,991.93"
DL11,"4,997.15"
DL12,"5,146.72"
DL13,"1,434.25"
DL14,"7,011.67"
DL15,"2,301.18"
DL16,"1,896.75"
DL17,"1,239.95"
DL2,"5,781.23"
DL3,"3,330.21"
DL4,"1,085.16"
DL5,"3,541.50"
DL6,"8,231.44"
DL7,"5,152.86"
DL8,"17,391.45"
DL9,"2,396.61"
DN1,"1,081.87"
DN10,"1,878.00"
DN11,"1,525.30"
DN12,"1,488.25"
DN14,"8,491.64"
DN15,"11,894.21"
DN16,"2,754.43"
DN17,"6,191.90"
DN18,"2,722.57"
DN19,"1,340.90"
DN2,"3,114.75"
DN20,"3,336.42"
DN21,"2,133.50"
DN22,"6,219.46"
DN3,"2,713.22"
DN31,"2,687.16"
DN32,"4,208.56"
DN33,"1,374.15"
DN34,"1,807.44"
DN35,"2,884.11"
DN36,"3,494.52"
DN37,"2,598.89"
DN38,557.2350794
DN39,"1,005.95"
DN4,"3,998.06"
DN40,"1,582.59"
DN41,"1,107.78"
DN5,"3,907.60"
DN6,"4,120.62"
DN7,"1,119.67"
DN8,"2,682.93"
DN9,"5,185.17"
DT1,"7,366.59"
DT10,"6,975.27"
DT11,"14,299.10"
DT2,"7,906.91"
DT3,"6,710.04"
DT4,"7,915.23"
DT5,"3,233.55"
DT6,"6,841.76"
DT7,640.3044208
DT8,"3,015.24"
DT9,"7,443.02"
DY1,"3,904.08"
DY10,"8,889.61"
DY11,"4,700.90"
DY12,"2,943.81"
DY13,"4,345.61"
DY14,"4,113.68"
DY2,"4,101.55"
DY3,"3,040.57"
DY4,"2,773.11"
DY5,"2,772.18"
DY6,"1,517.62"
DY7,"1,534.30"
DY8,"5,536.38"
DY9,"5,365.07"
E1,"1,328.87"
E10,"1,359.32"
E11,"4,527.03"
E12,849.2831447
E13,679.8403122
E14,"2,887.55"
E15,"1,589.64"
E16,"2,128.12"
E17,"2,797.08"
E18,"1,349.43"
E1W,296.7000796
E2,"1,085.51"
E20,168.3896751
E3,"3,112.69"
E4,"7,067.58"
E5,623.2315145
E6,"2,192.72"
E7,"1,361.08"
E8,"1,163.15"
E9,728.5581177
EC1A,25.70275297
EC1M,57.39571905
EC1N,45.30755861
EC1R,194.5836063
EC1V,406.1526696
EC1Y,95.16930012
EC2A,159.7906648
EC2M,26.60012038
EC2N,8.401395157
EC2P,0.567534514
EC2R,12.9850795
EC2V,9.659814098
EC2Y,19.36708103
EC3A,11.58143722
EC3M,16.89775454
EC3N,26.76676111
EC3R,16.79193167
EC3V,12.68742949
EC4A,12.78568618
EC4M,8.829240054
EC4N,10.03052631
EC4R,8.084164462
EC4V,17.62160961
EC4Y,26.42268301
EH1,986.0729724
EH10,"5,186.52"
EH11,"4,852.83"
EH12,"3,963.05"
EH13,"1,887.80"
EH14,"4,719.37"
EH15,"3,492.38"
EH16,"4,160.17"
EH17,"2,727.03"
EH18,975.2033322
EH19,"3,174.02"
EH2,578.1106473
EH20,"5,294.38"
EH21,"6,222.06"
EH22,"5,043.98"
EH23,"4,659.49"
EH24,429.5869849
EH25,"7,489.82"
EH26,"3,873.33"
EH27,205.8667618
EH28,"1,656.58"
EH29,"2,529.41"
EH3,"3,360.03"
EH30,"2,504.63"
EH31,"1,226.28"
EH32,"5,449.72"
EH33,"5,495.20"
EH34,780.1143994
EH35,563.7288966
EH36,95.28978749
EH37,300.1991533
EH38,256.7490794
EH39,"4,152.06"
EH4,"8,242.26"
EH40,375.1562981
EH41,"1,776.37"
EH42,"2,923.75"
EH43,276.2751144
EH44,998.2337518
EH45,"4,564.22"
EH46,807.1818934
EH47,"1,103.24"
EH48,"1,756.39"
EH49,"2,561.79"
EH5,"2,760.78"
EH51,"2,103.61"
EH52,"1,672.42"
EH53,"1,096.00"
EH54,"7,343.58"
EH55,"2,098.82"
EH6,"5,783.16"
EH7,"2,480.70"
EH8,"1,574.90"
EH9,"2,848.25"
EN1,"4,671.42"
EN10,"4,950.58"
EN11,"3,763.15"
EN2,"2,665.96"
EN3,"4,510.28"
EN4,"2,488.66"
EN5,"2,989.10"
EN6,"14,096.19"
EN7,"3,037.11"
EN8,"3,824.16"
EN9,"4,890.29"
EX1,"2,874.25"
EX10,"5,868.88"
EX11,"2,670.28"
EX12,"3,679.21"
EX13,"4,253.91"
EX14,"7,337.47"
EX15,"10,716.45"
EX16,"10,815.58"
EX17,"8,836.08"
EX18,717.3283622
EX19,"1,966.24"
EX2,"5,393.10"
EX20,"9,732.79"
EX21,"2,202.67"
CA95,0
CA99,0
CF91,0
CF95,0
CF99,0
CH70,0
CH88,0
CH99,0
CM92,0
CM98,0
CR9,0
CT50,0
DE99,0
DH97,0
DH99,0
DL98,0
DN55,0
E98,0
EC3P,0
EH91,0
EH99,0
EX22,"9,646.04"
EX23,"8,605.79"
EX24,"1,265.77"
EX3,"1,008.37"
EX31,"18,944.44"
EX32,"5,566.01"
EX33,"4,226.12"
EX34,"10,215.26"
EX35,"1,894.17"
EX36,"6,928.58"
EX37,"1,191.90"
EX38,751.1651241
EX39,"18,206.69"
EX4,"8,283.86"
EX5,"4,436.85"
EX6,"9,513.85"
EX7,"1,842.98"
EX8,"9,302.39"
EX9,"2,095.85"
FK1,"3,200.40"
FK10,"2,982.90"
FK11,349.4417437
FK12,446.5137204
FK13,554.5425672
FK14,493.8418302
FK15,"4,435.18"
FK16,"1,116.13"
FK17,"1,838.50"
FK18,118.0526496
FK19,240.4474775
FK2,"5,888.59"
FK20,50.74555728
FK21,408.1057916
FK3,"1,011.60"
FK4,742.9779205
FK5,689.7897773
FK6,"2,123.57"
FK7,"10,236.43"
FK8,"4,047.52"
FK9,"2,036.49"
FY1,"1,882.36"
FY2,"1,903.21"
FY3,"1,971.65"
FY4,"2,561.56"
FY5,"7,398.65"
FY6,"6,462.93"
FY7,"2,611.65"
FY8,"8,630.87"
G1,"1,086.31"
G11,"3,255.78"
G12,"4,620.70"
G13,"6,478.03"
G14,"2,808.81"
G15,991.5909819
G2,"1,269.74"
G20,"2,869.05"
G21,"1,350.32"
G22,991.6947911
G23,327.8940625
G3,"3,897.77"
G31,"1,523.30"
G32,"1,578.56"
G33,"1,938.02"
G34,375.2141345
G4,950.4259882
G40,878.2933961
G41,"6,603.07"
G42,"2,997.68"
G43,"2,780.06"
G44,"2,011.14"
G45,"1,333.75"
G46,"1,696.66"
G5,"1,372.98"
G51,"4,743.28"
G52,"3,041.64"
G53,"2,798.53"
G60,237.7420995
G61,"6,267.68"
G62,"2,861.30"
G63,"2,933.42"
G64,"3,657.41"
G65,"2,069.04"
G66,"3,836.01"
G67,"3,315.23"
G68,"1,404.06"
G69,"1,767.85"
G71,"2,916.40"
G72,"4,597.68"
G73,"2,927.34"
G74,"2,410.48"
G75,"3,324.59"
G76,"5,434.89"
G77,"2,968.02"
G78,777.1515228
G81,"1,666.61"
G82,"4,133.83"
G83,"1,488.86"
G84,"3,558.65"
GL1,"2,724.50"
GL10,"4,342.17"
GL11,"6,550.20"
GL12,"3,198.77"
GL13,"2,435.71"
GL14,"3,136.22"
GL15,"7,441.48"
GL16,"2,807.10"
GL17,"1,801.31"
GL18,"1,987.58"
GL19,"2,840.48"
GL2,"17,387.35"
GL20,"11,095.88"
GL3,"6,841.78"
GL4,"8,674.47"
GL5,"10,318.32"
GL50,"7,303.54"
GL51,"12,272.01"
GL52,"10,163.26"
GL53,"2,945.78"
GL54,"7,763.21"
GL55,"2,173.93"
GL56,"6,147.62"
GL6,"4,598.20"
GL7,"13,099.64"
GL8,"4,494.97"
GL9,564.1375639
GU1,"7,286.19"
GU10,"5,936.92"
GU11,"2,508.74"
GU12,"4,072.93"
GU14,"8,896.13"
GU15,"6,123.17"
GU16,"3,387.44"
GU17,"1,936.98"
GU18,"1,071.17"
GU19,"1,344.95"
GU2,"5,991.63"
GU20,"1,490.57"
GU21,"8,051.98"
GU22,"3,872.16"
GU23,"1,273.06"
GU24,"4,133.92"
GU25,"1,303.50"
GU26,"2,884.91"
GU27,"4,166.30"
GU28,"2,353.91"
GU29,"4,091.96"
GU3,"4,157.59"
GU30,"3,669.01"
GU31,"4,211.78"
GU32,"3,658.23"
GU33,834.1904431
GU34,"6,322.17"
GU35,"5,444.82"
GU4,"2,449.29"
GU46,"4,043.90"
GU47,"2,938.00"
GU5,"1,297.48"
GU51,"5,019.08"
GU52,"1,990.66"
GU6,"5,358.42"
GU7,"11,928.87"
GU8,"6,718.16"
GU9,"7,375.64"
HA0,"1,216.33"
HA1,"1,766.23"
HA2,"1,593.34"
HA3,"3,131.27"
HA4,"5,612.34"
HA5,"6,948.73"
HA6,"3,393.24"
HA7,"6,888.06"
HA8,"3,032.70"
HA9,"1,228.00"
HD1,"2,993.31"
HD2,"3,099.15"
HD3,"3,082.79"
HD4,"4,441.77"
HD5,"2,168.41"
HD6,"6,148.23"
HD7,"1,908.41"
HD8,"5,216.96"
HD9,"3,935.70"
HG1,"6,241.91"
HG2,"4,858.41"
HG3,"5,833.01"
HG4,"13,353.93"
HG5,"3,569.90"
HP1,"3,412.99"
HP10,"3,938.84"
HP11,"2,435.35"
HP12,"3,295.47"
HP13,"4,088.73"
HP14,"6,196.93"
HP15,"1,111.39"
HP16,"1,820.19"
HP17,"1,915.64"
HP18,"4,384.23"
HP19,"2,310.17"
HP2,"4,945.28"
HP20,"2,423.02"
HP21,"4,291.68"
HP22,"9,806.05"
HP23,"1,682.79"
HP27,"3,829.32"
HP3,"2,750.90"
HP4,"4,069.10"
HP5,"4,656.20"
HP6,"2,667.83"
HP7,"2,014.83"
HP8,992.0333873
HP9,"3,512.87"
HR1,"7,408.24"
HR2,"10,964.42"
HR3,"4,931.50"
HR4,"5,582.77"
HR5,"1,625.44"
HR6,"9,286.59"
HR7,"1,418.49"
HR8,"3,948.53"
HR9,"5,163.29"
HS1,222.7431997
HS2,545.3931893
HS3,62.91797828
HS4,14.13866796
HS5,12.70255271
HS6,554.7357631
HS7,357.1438878
HS8,579.7433102
HS9,"1,497.12"
HU1,"1,714.07"
HU10,"7,017.54"
HU11,"2,949.87"
HU12,"6,395.37"
HU13,"1,719.62"
HU14,"5,004.44"
HU15,"6,024.07"
HU16,"5,208.08"
HU17,"7,804.14"
HU18,"1,611.70"
HU19,742.7430628
HU2,"1,051.71"
HU20,330.799994
HU3,"6,038.70"
HU4,"2,130.63"
HU5,"7,539.32"
HU6,"5,532.39"
HU7,"2,783.17"
HU8,"4,800.99"
HU9,"8,027.76"
HX1,"4,747.63"
HX2,"6,069.30"
HX3,"8,383.57"
HX4,"8,189.60"
HX5,"2,700.73"
HX6,"7,906.70"
HX7,"1,926.78"
IG1,"1,538.93"
IG10,"2,422.47"
IG11,"1,890.60"
IG2,"1,078.34"
IG3,"1,730.85"
IG4,560.9004283
IG5,858.2545429
IG6,"1,002.11"
IG7,865.0561956
IG8,"4,093.07"
IG9,"1,897.10"
IP1,"4,781.31"
IP10,"1,207.51"
IP11,"4,841.90"
IP12,"6,140.72"
IP13,"6,368.00"
IP14,"14,363.59"
IP15,279.206259
IP16,476.1458754
IP17,"3,053.88"
IP18,"3,282.19"
IP19,"3,005.69"
IP2,"4,529.75"
IP20,"3,598.45"
IP21,"5,272.73"
IP22,"8,274.64"
IP23,"3,738.49"
IP24,"5,553.24"
IP25,"2,480.44"
IP26,"1,128.79"
IP27,"2,511.38"
IP28,"5,563.51"
IP29,"4,724.84"
IP3,"6,694.73"
IP30,"1,504.04"
IP31,"4,841.02"
IP32,"4,358.96"
IP33,"2,689.76"
IP4,"4,373.49"
IP5,"4,335.76"
IP6,"2,696.59"
IP7,"3,057.79"
IP8,"3,225.08"
IP9,"6,578.10"
IV1,409.6369681
IV10,191.8587164
IV11,68.10213585
IV12,"2,515.26"
IV13,113.6251286
IV14,332.6850179
IV15,906.1478062
IV16,786.8012446
IV17,"3,965.18"
IV18,"4,706.82"
IV19,"3,398.05"
IV2,"8,636.35"
IV20,756.8448276
IV21,"1,230.99"
IV22,"1,660.02"
IV23,349.4388192
IV24,885.6385328
IV25,"1,435.06"
IV26,393.8569452
IV27,"1,375.86"
IV28,159.6611931
IV3,"3,382.71"
IV30,"6,134.72"
IV31,"1,171.67"
IV32,761.0590615
IV36,"5,382.21"
IV4,710.5222778
IV40,489.8259863
IV41,58.55161306
IV42,143.3031003
IV43,84.13915765
IV44,105.7358109
IV45,90.88688968
IV46,34.42312423
IV47,149.0245841
IV48,17.82903198
IV49,365.3367126
IV5,221.5527144
IV51,"2,117.83"
IV52,70.87460721
IV53,25.1692837
IV54,397.3845877
IV55,687.167861
IV56,185.4044018
IV6,662.7202919
IV63,470.2066581
IV7,813.0519087
IV8,62.63566868
IV9,90.95747481
KA1,"2,411.74"
KA10,"2,677.90"
KA11,"1,037.99"
KA12,"6,569.10"
KA13,"4,380.10"
KA14,103.5995234
KA15,900.5507052
KA16,437.6443735
KA17,549.0681918
KA18,"4,291.88"
KA19,"4,963.32"
KA2,"1,097.49"
KA20,"1,204.22"
KA21,"1,107.97"
KA22,"1,008.07"
KA23,"4,748.33"
KA24,"1,437.21"
KA25,851.5670533
KA26,"3,313.89"
KA27,856.114645
KA28,529.914379
KA29,307.5311105
KA3,"1,891.88"
KA30,"2,415.83"
KA4,685.322397
KA5,"5,433.69"
KA6,"1,412.65"
KA7,"4,620.26"
KA8,"2,818.12"
KA9,"2,927.33"
KT1,"2,082.03"
KT10,"2,486.32"
KT11,"2,525.63"
KT12,"5,578.78"
KT13,"3,536.31"
KT14,"1,196.61"
KT15,"2,559.82"
KT16,"1,720.64"
KT17,"4,185.22"
KT18,"2,470.59"
KT19,"4,373.06"
KT2,"2,803.35"
KT20,"2,498.29"
KT21,991.6787656
KT22,"2,180.20"
KT23,"1,778.64"
KT24,"3,025.60"
KT3,"3,848.63"
KT4,"3,621.58"
KT5,"1,252.60"
KT6,"2,094.57"
KT7,"1,270.49"
KT8,"2,702.84"
KT9,"1,484.39"
KW1,"2,983.34"
KW10,442.6818024
KW11,50.91481446
KW12,539.0541581
KW13,37.2069798
KW14,"4,320.72"
KW15,"6,624.88"
KW16,"4,115.56"
KW17,"5,387.24"
KW2,21.88073339
KW3,281.7705586
KW5,87.52637892
KW6,110.3816636
KW7,38.87729249
KW8,275.9046692
KW9,532.2466865
KY1,"7,941.92"
KY10,"3,002.17"
KY11,"4,265.00"
KY12,"2,444.75"
KY13,"4,240.43"
KY14,"2,808.49"
KY15,"8,829.94"
KY16,"5,187.22"
KY2,"3,613.66"
KY3,"4,722.69"
KY4,"5,767.36"
KY5,"2,443.89"
KY6,"3,276.86"
KY7,"3,471.95"
KY8,"6,768.45"
KY9,810.2482672
L1,698.5790478
L10,"2,104.45"
L11,"1,415.53"
L12,"2,517.02"
L13,"2,122.63"
L14,"2,977.20"
L15,"1,794.10"
L16,"1,055.71"
L17,"2,114.37"
L18,"5,025.04"
L19,"6,333.39"
L2,208.5446202
L20,"1,649.61"
L21,955.4608421
L22,292.5946695
L23,765.5264139
L24,"1,548.89"
L25,"2,830.00"
L26,"1,088.91"
L27,444.2013858
L28,274.6968929
L29,47.2057108
L3,848.672667
L30,"1,472.58"
L31,"2,641.95"
L32,"2,457.40"
L33,"1,714.21"
L34,"1,016.78"
L35,"1,790.90"
L36,"2,795.40"
L37,"4,410.69"
L38,769.7296807
L39,"2,808.58"
L4,"2,117.10"
L40,"5,031.15"
L5,951.8876727
L6,"1,488.43"
L7,"1,185.41"
L8,"1,747.94"
L9,"2,446.50"
LA1,"9,866.94"
LA10,"1,751.13"
LA11,"3,088.65"
LA12,"5,384.48"
LA13,"3,385.08"
LA14,"4,026.89"
LA15,668.8776299
LA16,370.8698362
LA17,"1,341.85"
LA18,"3,739.64"
FY0,0
G58,0
G70,0
G79,0
G90,0
GU95,0
IP98,0
IV99,0
KY99,0
L67,0
L69,0
L70,0
L71,0
L72,0
L74,0
L75,0
LA19,422.6367252
LA2,"7,080.55"
LA20,"1,598.11"
LA21,569.5943639
LA22,"2,000.36"
LA23,"2,271.27"
LA3,"2,876.19"
LA4,"2,390.02"
LA5,"5,745.76"
LA6,"12,567.39"
LA7,"1,216.48"
LA8,"2,533.14"
LA9,"9,449.51"
LD1,"5,191.46"
LD2,"1,482.91"
LD3,"9,746.56"
LD4,188.2139786
LD5,329.1483106
LD6,752.1821214
LD7,"2,703.86"
LD8,995.9195824
LE1,879.9994493
LE10,"6,058.64"
LE11,"2,875.72"
LE12,"11,647.37"
LE13,"5,774.60"
LE14,"4,184.14"
LE15,"16,244.53"
LE16,"12,013.15"
LE17,"2,787.45"
LE18,"5,210.49"
LE19,"1,953.86"
LE2,"10,465.19"
LE3,"8,000.03"
LE4,"3,273.27"
LE5,"2,781.37"
LE6,807.474248
LE65,"2,086.96"
LE67,"5,370.49"
LE7,"2,307.41"
LE8,"5,456.69"
LE9,"5,640.78"
LL11,"5,706.85"
LL12,"8,451.14"
LL13,"10,965.85"
LL14,"3,924.64"
LL15,"7,618.96"
LL16,"11,799.09"
LL17,820.1765757
LL18,"6,051.11"
LL19,"3,200.67"
LL20,"2,176.45"
LL21,"2,346.91"
LL22,"4,289.65"
LL23,"8,233.15"
LL24,"1,388.59"
LL25,366.2275697
LL26,"2,431.70"
LL27,513.5957435
LL28,"2,888.00"
LL29,"5,000.79"
LL30,"6,082.60"
LL31,"4,080.64"
LL32,"2,669.66"
LL33,"1,840.10"
LL34,"2,158.96"
LL35,749.4604297
LL36,"3,806.78"
LL37,901.7946772
LL38,532.5392224
LL39,154.137729
LL40,"2,498.76"
LL41,"3,771.46"
LL42,"1,482.04"
LL43,256.874941
LL44,554.4860036
LL45,393.094968
LL46,"1,274.30"
LL47,81.46600744
LL48,295.3373079
LL49,604.4542256
LL51,100.2750948
LL52,331.4898309
LL53,"2,239.19"
LL54,"1,985.41"
LL55,"3,993.83"
LL56,452.2012572
LL57,"5,820.45"
LL58,"1,244.89"
LL59,"1,583.90"
LL60,"1,221.54"
LL61,"1,843.11"
LL62,967.440504
LL63,861.4435286
LL64,973.2110672
LL65,"9,503.03"
LL66,104.6987666
LL67,582.3563303
LL68,"2,361.77"
LL69,295.3294395
LL70,126.1980397
LL71,742.8678906
LL72,404.0854582
LL73,117.5853504
LL74,792.0197701
LL75,481.2110455
LL76,70.70154318
LL77,"1,986.92"
LL78,129.3340055
LN1,"6,168.13"
LN10,"1,436.16"
LN11,"8,590.74"
LN12,"2,357.01"
LN13,"1,987.44"
LN2,"4,674.06"
LN3,"1,827.95"
LN4,"9,577.08"
LN5,"3,441.57"
LN6,"7,458.14"
LN7,745.1740403
LN8,"6,135.16"
LN9,"1,598.91"
LS1,401.2131436
LS10,"2,043.72"
LS11,"1,752.33"
LS12,"8,539.14"
LS13,"4,427.49"
LS14,"1,457.41"
LS15,"2,047.20"
LS16,"10,033.16"
LS17,"12,758.48"
LS18,"5,238.07"
LS19,"2,488.49"
LS2,443.2131647
LS20,"2,099.05"
LS21,"6,583.27"
LS22,"3,756.91"
LS23,"2,650.51"
LS24,"1,915.97"
LS25,"6,593.52"
LS26,"4,030.61"
LS27,"13,388.50"
LS28,"7,763.99"
LS29,"6,804.54"
LS3,195.3234421
LS4,381.1515103
LS5,706.4832507
LS6,"5,519.47"
LS7,"3,975.34"
LS8,"2,966.42"
LS9,"1,380.22"
LU1,"3,537.79"
LU2,"5,654.75"
LU3,"5,718.93"
LU4,"2,559.90"
LU5,"3,511.92"
LU6,"2,287.76"
LU7,"10,467.95"
M1,462.4768799
M11,686.9936689
M12,399.0288278
M13,693.0870898
M14,"3,437.19"
M15,"1,743.89"
M16,"4,122.59"
M17,152.1643354
M18,"1,095.09"
M19,"1,515.38"
M2,120.4666092
M20,"2,952.98"
M21,"2,416.52"
M22,"3,681.59"
M23,"2,463.30"
M24,"2,573.72"
M25,"1,092.28"
M26,"2,975.69"
M27,"5,419.72"
M28,"2,649.81"
M29,"1,819.85"
M3,579.2622922
M30,"2,718.38"
M31,"1,416.07"
M32,"2,225.09"
M33,"5,579.92"
M34,"4,418.30"
M35,476.5470515
M38,826.6549306
M4,306.3640463
M40,"1,151.35"
M41,"3,746.63"
M43,"1,152.02"
M44,"2,231.26"
M45,"1,267.42"
M46,"1,633.48"
M5,874.4409248
M50,203.1059556
M6,"1,401.31"
M7,986.716462
M8,843.5156808
M9,"1,220.78"
M90,23.35288464
ME1,"5,480.78"
ME10,"6,351.79"
ME11,674.6454326
ME12,"3,038.34"
ME13,"6,739.63"
ME14,"9,609.33"
ME15,"7,249.74"
ME16,"3,456.80"
ME17,"4,015.76"
ME18,"1,326.60"
ME19,"2,766.05"
ME2,"4,405.03"
ME20,"3,976.76"
ME3,"2,715.59"
ME4,"3,478.28"
ME5,"8,825.32"
ME6,"1,308.69"
ME7,"4,019.65"
ME8,"6,197.64"
ME9,"2,951.72"
MK1,242.028627
MK10,"3,944.74"
MK11,"2,186.40"
MK12,"1,028.04"
MK13,866.3671609
MK14,"3,805.08"
MK15,"4,029.08"
MK16,"6,310.78"
MK17,"3,383.46"
MK18,"9,197.06"
MK19,923.8104222
MK2,"1,488.49"
MK3,"2,274.17"
MK4,"2,024.17"
MK40,"2,484.69"
MK41,"7,655.64"
MK42,"2,907.52"
MK43,"2,488.24"
MK44,"2,263.32"
MK45,"10,813.54"
MK46,453.1682175
MK5,855.9817464
MK6,"3,393.71"
MK7,"3,026.08"
MK8,798.9708847
MK9,425.3574989
ML1,"5,754.42"
ML10,"4,120.57"
ML11,"17,274.03"
ML12,"5,869.05"
ML2,"1,995.40"
ML3,"5,019.53"
ML4,"2,318.02"
ML5,"3,799.54"
ML6,"3,906.89"
ML7,739.8575773
ML8,"6,312.23"
ML9,"2,999.88"
N1,"5,910.76"
N10,"3,070.68"
N11,"1,872.66"
N12,"1,817.77"
N13,"1,140.36"
N14,"2,137.02"
N15,989.5855085
N16,"1,383.44"
N17,"1,591.30"
N18,910.783558
N19,"2,733.25"
N1C,65.55498391
N2,"2,545.84"
N20,"1,709.13"
N21,"1,528.76"
N22,"1,865.20"
N3,"2,283.31"
N4,"2,831.04"
N5,"1,240.45"
N6,"2,402.00"
N7,"3,684.93"
N8,"4,375.66"
N9,"1,741.84"
NE1,"1,927.72"
NE10,"6,676.11"
NE11,"1,821.25"
NE12,"3,114.00"
NE13,"2,559.00"
NE15,"3,000.80"
NE16,"3,367.06"
NE17,362.6003665
NE18,92.36806982
NE19,441.716092
NE2,"4,346.68"
NE20,"2,098.11"
NE21,"1,111.39"
NE22,"4,713.88"
NE23,"11,829.17"
NE24,"11,553.60"
NE25,"6,175.07"
NE26,"1,757.12"
NE27,"1,239.66"
NE28,"2,748.27"
NE29,"6,160.44"
NE3,"6,822.57"
NE30,"2,537.54"
NE31,"1,070.38"
NE32,"1,414.73"
NE33,"3,009.14"
NE34,"4,174.50"
NE35,344.4700655
NE36,"1,034.38"
NE37,"3,914.92"
NE38,"2,834.31"
NE39,493.7034039
NE4,"4,306.08"
NE40,"1,186.61"
NE41,239.0158507
NE42,"1,384.82"
NE43,"1,982.73"
NE44,474.7203276
NE45,495.0125848
NE46,"4,970.58"
NE47,"2,570.40"
NE48,644.3444441
NE49,"3,896.37"
NE5,"3,867.21"
NE6,"6,863.31"
NE61,"5,460.75"
NE62,"1,734.25"
NE63,"7,132.92"
NE64,951.7412522
NE65,"5,876.32"
NE66,"8,301.05"
NE67,407.8680845
NE68,469.8867461
NE69,157.9142738
NE7,"1,688.94"
NE70,415.3066322
NE71,"1,536.16"
NE8,"3,116.01"
NE9,"7,537.37"
NG1,"2,081.68"
NG10,"3,086.71"
NG11,"5,554.16"
NG12,"12,313.73"
NG13,"6,767.97"
NG14,"8,154.42"
NG15,"9,382.05"
NG16,"9,038.69"
NG17,"5,395.50"
NG18,"2,440.45"
NG19,"6,234.19"
NG2,"5,663.59"
NG20,"2,525.79"
NG21,"3,206.49"
NG22,"6,062.42"
NG23,"5,423.34"
NG24,"8,517.64"
NG25,"5,040.40"
NG3,"6,323.84"
NG31,"8,058.74"
NG32,"2,961.33"
NG33,"2,114.34"
NG34,"16,040.74"
NG4,"4,927.68"
NG5,"5,586.74"
NG6,"1,657.89"
NG7,"7,362.77"
NG8,"17,481.60"
NG9,"7,901.60"
NN1,"6,997.11"
NN10,"2,547.26"
NN11,"9,231.18"
NN12,"9,664.27"
NN13,"3,797.50"
NN14,"13,311.82"
NN15,"4,233.77"
NN16,"6,082.39"
NN17,"2,212.72"
NN18,"1,912.45"
NN2,"4,085.04"
NN29,"1,303.04"
NN3,"9,500.90"
NN4,"3,961.01"
NN5,"5,179.01"
NN6,"6,498.84"
NN7,"4,061.05"
NN8,"6,713.26"
NN9,"2,508.60"
NP10,"1,905.35"
NP11,"5,298.50"
NP12,"3,766.22"
NP13,"1,273.03"
NP15,"4,140.19"
NP16,"7,265.33"
NP18,"4,216.53"
NP19,"5,943.01"
NP20,"6,382.21"
NP22,"3,737.05"
NP23,"3,086.87"
NP24,480.3613277
NP25,"6,029.82"
NP26,"4,669.26"
NP4,"6,545.95"
NP44,"7,011.11"
NP7,"9,804.64"
NP8,"2,414.95"
NR1,"8,023.56"
NR10,"4,613.60"
NR11,"3,044.92"
NR12,"5,613.10"
NR13,"4,647.41"
NR14,"16,946.63"
NR15,"12,068.69"
NR16,"4,997.48"
NR17,"4,178.11"
NR18,"2,592.63"
NR19,"3,091.81"
NR2,"3,161.44"
NR20,"5,350.46"
NR21,"7,695.93"
NR22,427.0726818
NR23,"1,588.90"
NR24,839.7305877
NR25,"2,185.24"
NR26,"2,058.44"
NR27,"2,825.62"
NR28,"2,508.63"
NR29,"2,844.84"
NR3,"4,678.35"
NR30,"3,948.46"
NR31,"2,791.99"
NR32,"4,400.52"
NR33,"13,172.80"
NR34,"7,891.22"
NR35,"5,038.06"
NR4,"3,158.02"
NR5,"4,857.12"
NR6,"2,913.54"
NR7,"5,767.82"
NR8,"6,593.46"
NR9,"3,303.51"
NW1,"5,426.58"
NW10,"4,041.36"
NW11,"2,449.20"
NW2,"3,587.69"
NW3,"6,442.89"
NW4,"2,784.07"
NW5,"2,605.91"
NW6,"3,633.04"
NW7,"1,464.83"
NW8,"2,696.63"
NW9,"2,041.92"
OL1,"2,037.09"
OL10,"1,346.14"
OL11,"4,062.29"
OL12,"3,641.14"
OL13,"1,314.33"
OL14,"4,262.23"
OL15,"2,195.31"
OL16,"2,538.23"
OL2,"4,887.64"
OL3,"1,591.25"
OL4,"2,490.60"
OL5,"1,348.48"
OL6,"3,581.63"
OL7,"2,217.70"
OL8,"1,704.34"
OL9,"2,566.69"
OX1,"6,914.29"
OX10,"13,218.06"
OX11,"9,689.32"
OX12,"7,960.07"
OX13,"2,654.36"
OX14,"10,994.07"
OX15,"10,362.61"
OX16,"12,944.76"
OX17,"8,934.94"
OX18,"6,503.70"
OX2,"6,440.66"
OX20,578.321351
OX25,"5,598.64"
OX26,"8,091.69"
OX27,"3,042.94"
OX28,"4,687.39"
LE87,0
LE95,0
LS98,0
LS99,0
M60,0
M61,0
M99,0
MK77,0
N81,0
NE85,0
NE92,0
NE98,0
NE99,0
NG80,0
NG90,0
NR99,0
OX29,"5,293.74"
OX3,"8,106.73"
OX33,"2,364.89"
OX39,"3,638.92"
OX4,"3,864.49"
OX44,"1,294.99"
OX49,"1,035.55"
OX5,"1,598.34"
OX7,"12,377.88"
OX9,"3,494.43"
PA1,"3,725.40"
PA10,"1,035.57"
PA11,602.2468142
PA12,352.4384077
PA13,473.4634833
PA14,"1,541.95"
PA15,"1,859.02"
PA16,"2,599.42"
PA17,425.1566095
PA18,262.3011052
PA19,"1,107.03"
PA2,"5,560.88"
PA20,"2,088.71"
PA21,184.5210606
PA22,64.79784997
PA23,"2,283.94"
PA24,94.54224629
PA25,16.74859483
PA26,25.54013819
PA27,150.1230676
PA28,"4,389.48"
PA29,624.5751543
PA3,"3,813.63"
PA30,261.8498576
PA31,"1,105.34"
PA32,255.1198264
PA33,161.3411302
PA34,"2,275.95"
PA35,301.6108599
PA36,9.599033543
PA37,518.6329569
PA38,187.1020762
PA4,"1,438.90"
PA41,100.0368191
PA42,445.7950934
PA43,315.059711
PA44,119.3626131
PA45,47.1643858
PA46,73.9156454
PA47,97.68988421
PA48,142.9832403
PA49,83.83311261
PA5,"2,171.47"
PA6,563.9328342
PA60,112.4681692
PA61,87.52984921
PA62,9.589018184
PA63,3.319275525
PA64,22.1285035
PA65,48.41973112
PA66,38.87748263
PA67,75.4899838
PA68,4.798892675
PA69,7.517571253
PA7,200.5315259
PA70,21.0948023
PA71,10.9380723
PA72,78.43040811
PA73,17.23251488
PA74,9.737510775
PA75,295.8851383
PA76,36.08987585
PA77,"1,394.41"
PA78,143.7243131
PA8,452.9937314
PA80,73.56331781
PA9,398.1811442
PE1,"10,432.25"
PE10,"3,755.11"
PE11,"6,074.28"
PE12,"3,914.92"
PE13,"2,839.48"
PE14,"2,816.98"
PE15,"4,301.33"
PE16,980.1974346
PE19,"7,196.91"
PE2,"5,821.49"
PE20,"3,860.60"
PE21,"5,023.87"
PE22,"2,173.61"
PE23,"2,916.29"
PE24,"1,226.04"
PE25,584.3473033
PE26,"1,024.47"
PE27,"3,195.00"
PE28,"7,358.83"
PE29,"10,645.60"
PE3,"4,641.11"
PE30,"10,645.36"
PE31,"5,423.94"
PE32,"2,948.67"
PE33,"1,997.10"
PE34,"3,703.70"
PE35,27.21152758
PE36,862.3738672
PE37,"2,522.62"
PE38,"1,787.94"
PE4,"3,168.66"
PE5,224.486374
PE6,"6,264.97"
PE7,"5,250.08"
PE8,"6,324.58"
PE9,"4,978.45"
PH1,"6,912.49"
PH10,"1,661.32"
PH11,536.5630676
PH12,407.3418726
PH13,616.7882688
PH14,327.5091833
PH15,"1,360.68"
PH16,"1,928.87"
PH17,102.0135066
PH18,372.4836815
PH19,37.98077057
PH2,"8,485.19"
PH20,548.0106519
PH21,782.3497361
PH22,"1,338.39"
PH23,337.2298846
PH24,429.5195966
PH25,494.4164852
PH26,"1,696.24"
PH3,"2,681.19"
PH30,4.123760052
PH31,85.05667565
PH32,130.9381841
PH33,"1,756.74"
PH34,172.5074452
PH35,67.28181958
PH36,257.0792792
PH37,25.69419725
PH38,38.0654774
PH39,74.3410862
PH4,350.2100791
PH40,47.30148588
PH41,152.0999744
PH42,15.54340327
PH43,10.5019701
PH44,9.990178189
PH49,182.8746435
PH5,175.0338209
PH50,167.0289228
PH6,562.4805081
PH7,"1,874.28"
PH8,401.5898153
PH9,395.7075408
PL1,"3,545.99"
PL10,"1,062.82"
PL11,"2,552.15"
PL12,"4,995.60"
PL13,"1,200.94"
PL14,"8,319.27"
PL15,"8,154.08"
PL16,957.2512679
PL17,"5,037.67"
PL18,"2,070.43"
PL19,"7,998.24"
PL2,"3,383.51"
PL20,"3,032.84"
PL21,"8,749.49"
PL22,"1,487.18"
PL23,"1,533.24"
PL24,"2,773.28"
PL25,"4,926.81"
PL26,"7,651.88"
PL27,"4,516.73"
PL28,"1,043.20"
PL29,637.2713299
PL3,"2,839.05"
PL30,"3,531.54"
PL31,"4,247.26"
PL32,833.6417697
PL33,731.346319
PL34,626.0331096
PL35,198.5287164
PL4,"2,224.98"
PL5,"2,895.78"
PL6,"9,591.87"
PL7,"3,494.17"
PL8,"4,384.89"
PL9,"4,854.67"
PO1,"2,657.54"
PO10,"6,654.67"
PO11,"1,584.34"
PO12,"7,141.83"
PO13,"5,034.00"
PO14,"6,968.48"
PO15,"10,020.82"
PO16,"2,986.29"
PO17,"3,383.98"
PO18,"4,118.81"
PO19,"3,509.79"
PO2,"5,402.88"
PO20,"8,797.76"
PO21,"7,869.99"
PO22,"3,677.63"
PO3,"3,708.62"
PO30,"12,297.64"
PO31,"1,609.98"
PO32,"1,248.46"
PO33,"3,533.98"
PO34,518.2367984
PO35,"2,553.21"
PO36,"1,326.19"
PO37,580.0878707
PO38,"5,689.81"
PO39,"1,309.09"
PO4,"1,911.38"
PO40,"3,380.76"
PO41,"3,590.45"
PO5,"1,803.57"
PO6,"3,148.33"
PO7,"5,838.64"
PO8,"6,019.17"
PO9,"7,554.99"
PR1,"12,385.03"
PR2,"8,227.80"
PR25,"1,646.60"
PR26,"2,543.58"
PR3,"20,837.10"
PR4,"14,721.59"
PR5,"5,579.96"
PR6,"1,948.21"
PR7,"3,474.10"
PR8,"6,883.44"
PR9,"7,248.10"
RG1,"3,903.41"
RG10,"8,284.54"
RG12,"5,755.82"
RG14,"12,949.99"
RG17,"3,307.31"
RG18,"8,260.84"
RG19,"8,551.47"
RG2,"5,154.89"
RG20,"10,190.87"
RG21,"2,381.37"
RG22,"4,644.40"
RG23,"1,184.74"
RG24,"2,499.17"
RG25,"3,163.22"
RG26,"3,919.72"
RG27,"4,774.32"
RG28,"1,006.74"
RG29,"1,174.93"
RG30,"3,954.79"
RG31,"2,034.28"
RG4,"3,958.30"
RG40,"10,290.81"
RG41,"6,128.46"
RG42,"3,662.10"
RG45,"2,399.24"
RG5,"3,411.58"
RG6,"3,299.85"
RG7,"10,663.70"
RG8,"4,246.42"
RG9,"10,724.77"
RH1,"11,965.63"
RH10,"6,485.05"
RH11,"6,816.92"
RH12,"13,471.12"
RH13,"9,975.84"
RH14,"6,621.49"
RH15,"5,536.85"
RH16,"4,953.18"
RH17,"2,605.04"
RH18,541.172627
RH19,"5,727.57"
RH2,"6,346.11"
RH20,"7,823.78"
RH3,828.7973238
RH4,"1,591.81"
RH5,"7,578.52"
RH6,"5,007.83"
RH7,"3,035.22"
RH8,"2,353.81"
RH9,"1,175.33"
RM1,"1,449.45"
RM10,"1,782.77"
RM11,"2,216.75"
RM12,"2,666.74"
RM13,"1,641.94"
RM14,"7,567.76"
RM15,"1,610.32"
RM16,"2,397.98"
RM17,"2,359.46"
RM18,804.8865305
RM19,181.6896757
RM2,788.5230366
RM20,300.023888
RM3,"7,014.08"
RM4,539.4732095
RM5,743.9748631
RM6,"1,784.30"
RM7,"2,764.44"
RM8,"1,774.18"
RM9,"1,026.28"
S1,714.3359721
S10,"4,691.29"
S11,"4,281.39"
S12,"4,211.19"
S13,"2,004.79"
S14,725.342323
S17,"1,764.35"
S18,"5,920.52"
S2,"2,639.50"
S20,"3,559.77"
S21,"2,445.46"
S25,"3,157.53"
S26,"2,528.59"
S3,"1,527.91"
S32,"2,944.36"
S33,"1,429.93"
S35,"3,759.73"
S36,"8,681.59"
S4,"1,082.60"
S40,"4,374.44"
S41,"7,013.14"
S42,"2,670.28"
S43,"6,825.41"
S44,"2,812.03"
S45,"1,535.59"
S5,"2,842.39"
S6,"6,871.52"
S60,"1,359.09"
S61,"1,464.94"
S62,"2,095.96"
S63,"6,195.71"
S64,"1,393.48"
S65,"1,003.63"
S66,"2,235.65"
S7,"2,566.80"
S70,"4,145.29"
S71,"4,812.92"
S72,"1,628.67"
S73,"1,156.15"
S74,"1,607.91"
S75,"3,906.97"
S8,"5,877.15"
S80,"4,742.80"
S81,"4,780.91"
S9,"2,516.11"
SA1,"11,389.82"
SA10,"5,172.96"
SA11,"8,799.90"
SA12,"6,717.59"
SA13,"3,179.74"
SA14,"3,287.97"
SA15,"7,273.99"
SA16,"2,224.19"
SA17,"4,357.82"
SA18,"5,713.37"
SA19,"7,098.37"
SA2,"10,693.13"
SA20,"1,031.57"
SA3,"7,825.78"
SA31,"6,054.16"
SA32,"2,077.01"
SA33,"9,529.77"
SA34,"5,079.01"
SA35,251.1668975
SA36,126.7859227
SA37,474.8185904
SA38,"1,544.81"
SA39,"1,745.33"
SA4,"4,664.17"
SA40,"2,051.87"
SA41,751.0325999
SA42,700.574831
SA43,"5,317.05"
SA44,"6,003.18"
SA45,824.5609349
SA46,"2,398.38"
SA47,491.8144828
SA48,"6,607.24"
SA5,"3,041.11"
SA6,"6,320.51"
SA61,"9,428.11"
SA62,"14,914.74"
SA63,"1,981.13"
SA64,893.047543
SA65,"1,236.32"
SA66,"3,298.30"
SA67,"5,788.13"
SA68,"1,012.09"
SA69,734.476538
SA7,"1,828.04"
SA70,"1,550.44"
SA71,"1,102.50"
SA72,975.8982206
SA73,"3,404.52"
SA8,"4,497.67"
SA9,"2,663.35"
SE1,"1,480.69"
SE10,"1,800.66"
SE11,824.0565724
SE12,"1,209.14"
SE13,"1,226.23"
SE14,809.5557466
SE15,"1,276.42"
SE16,"1,040.98"
SE17,495.559426
SE18,"3,704.94"
SE19,780.8146869
SE2,"1,459.16"
SE20,679.7611948
SE21,721.0923497
SE22,"1,492.57"
SE23,"1,689.69"
SE24,619.133004
SE25,"1,220.61"
SE26,"1,227.74"
SE27,847.1882232
SE28,"1,039.48"
SE3,"1,703.90"
SE4,"1,086.19"
SE5,619.5548553
SE6,"1,982.04"
SE7,"3,609.91"
SE8,991.8936377
SE9,"3,690.76"
SG1,"7,060.89"
SG10,306.6499196
SG11,"1,161.70"
SG12,"14,875.72"
SG13,"4,602.06"
SG14,"6,237.99"
SG15,534.1500222
SG16,762.45553
SG17,"1,539.72"
SG18,"5,849.16"
SG19,"9,333.01"
SG2,"4,294.63"
SG3,"1,856.70"
SG4,"2,092.46"
SG5,"10,178.76"
SG6,"2,743.90"
SG7,"1,851.23"
SG8,"8,276.20"
SG9,"4,008.69"
SK1,"1,267.36"
SK10,"12,387.64"
SK11,"8,156.47"
SK12,"6,049.64"
SK13,"3,504.90"
SK14,"2,505.22"
SK15,"1,180.51"
SK16,"1,229.92"
SK17,"7,644.15"
SK2,"1,741.06"
SK22,"3,302.23"
SK23,"5,237.17"
SK3,"5,110.91"
SK4,"3,845.65"
SK5,"3,245.14"
SK6,"4,545.27"
SK7,"4,542.29"
SK8,"14,417.81"
SK9,"12,069.97"
SL0,733.0018302
SL1,"7,898.49"
SL2,"5,936.35"
SL3,"2,717.87"
SL4,"8,430.07"
SL5,"4,236.59"
SL6,"14,184.01"
SL7,"11,803.32"
SL8,571.0107872
SL9,"4,499.82"
SM1,"3,393.77"
SM2,"3,398.61"
SM3,"2,733.93"
SM4,"2,777.05"
SM5,"2,339.08"
SM6,"1,593.15"
SM7,"2,587.21"
SN1,"11,660.84"
SN10,"3,770.66"
SN11,"5,245.88"
PL95,0
PR11,0
RH77,0
S49,0
S95,0
S96,0
S97,0
S98,0
S99,0
SA80,0
SA99,0
SE1P,0
SL95,0
SN12,"6,582.00"
SN13,"7,093.82"
SN14,"6,917.70"
SN15,"19,911.21"
SN16,"8,634.28"
SN2,"9,128.91"
SN25,"4,029.84"
SN26,218.9557411
SN3,"15,861.03"
SN4,"13,923.92"
SN5,"5,494.24"
SN6,"6,599.93"
SN7,"4,096.56"
SN8,"15,396.81"
SN9,970.7087413
SO14,"1,599.46"
SO15,"3,587.02"
SO16,"6,257.47"
SO17,"1,235.53"
SO18,"3,282.01"
SO19,"3,547.88"
SO20,"1,400.89"
SO21,"12,147.59"
SO22,"4,111.78"
SO23,"5,843.49"
SO24,"2,996.61"
SO30,"5,369.13"
SO31,"9,594.00"
SO32,"6,697.51"
SO40,"5,099.88"
SO41,"5,171.48"
SO42,892.9609829
SO43,805.6287677
SO45,"7,896.67"
SO50,"10,286.16"
SO51,"4,369.57"
SO52,871.5231806
SO53,"6,751.36"
SP1,"9,020.52"
SP10,"6,667.39"
SP11,"4,625.11"
SP2,"7,258.09"
SP3,"4,244.38"
SP4,"9,740.89"
SP5,"5,476.88"
SP6,"8,975.72"
SP7,"6,350.15"
SP8,"8,003.65"
SP9,"4,111.92"
SR1,289.4940249
SR2,819.8888664
SR3,"1,275.53"
SR4,"2,631.57"
SR5,"4,308.29"
SR6,"3,319.72"
SR7,"1,703.90"
SR8,"1,427.96"
SS0,"5,415.06"
SS1,"2,906.51"
SS11,"1,632.26"
SS12,824.9320578
SS13,"1,844.11"
SS14,"3,669.99"
SS15,"3,317.01"
SS16,"5,922.45"
SS17,"2,147.01"
SS2,"4,447.51"
SS3,"2,606.26"
SS4,"1,812.81"
SS5,"2,928.23"
SS6,"3,418.00"
SS7,"5,434.79"
SS8,"3,542.60"
SS9,"6,801.16"
ST1,"2,993.80"
ST10,"8,200.85"
ST11,"3,172.36"
ST12,841.9904816
ST13,"8,013.28"
ST14,"7,662.62"
ST15,"10,744.36"
ST16,"4,097.62"
ST17,"6,515.44"
ST18,"3,146.58"
ST19,"6,714.50"
ST2,"6,401.80"
ST20,"2,038.16"
ST21,"5,065.41"
ST3,"7,778.49"
ST4,"3,726.58"
ST5,"7,821.25"
ST6,"4,872.31"
ST7,"10,638.71"
ST8,"4,714.79"
ST9,"1,890.97"
SW10,962.5342757
SW11,"4,749.07"
SW12,"1,812.02"
SW13,"2,019.65"
SW14,"3,197.36"
SW15,"3,454.81"
SW16,"3,912.51"
SW17,"3,426.80"
SW18,"2,343.44"
SW19,"10,272.01"
SW1A,88.07686345
SW1E,207.1125135
SW1H,174.2648165
SW1P,"1,967.54"
SW1V,"3,562.08"
SW1W,"1,274.59"
SW1X,731.9996839
SW1Y,114.3267127
SW2,"2,656.25"
SW20,"2,919.11"
SW3,"1,915.66"
SW4,"2,686.10"
SW5,697.408145
SW6,"5,106.69"
SW7,"1,045.18"
SW8,"3,011.78"
SW9,956.9659638
SY1,"4,016.98"
SY10,"4,765.87"
SY11,"8,301.31"
SY12,"6,666.41"
SY13,"11,139.48"
SY14,"5,109.75"
SY15,"3,917.57"
SY16,"5,078.14"
SY17,"1,800.44"
SY18,"3,034.09"
SY19,"1,223.03"
SY2,"3,527.18"
SY20,"4,466.64"
SY21,"7,819.25"
SY22,"4,175.23"
SY23,"10,730.45"
SY24,478.3904886
SY25,"3,315.48"
SY3,"8,411.10"
SY4,"7,117.61"
SY5,"7,051.51"
SY6,"2,822.84"
SY7,"3,997.78"
SY8,"10,259.05"
SY9,"1,339.12"
TA1,"12,831.13"
TA10,"2,419.77"
TA11,"1,848.86"
TA12,"4,232.33"
TA13,"1,185.85"
TA14,"2,076.36"
TA15,461.4621446
TA16,532.6107221
TA17,211.5116122
TA18,"3,367.23"
TA19,"4,982.71"
TA2,"5,801.77"
TA20,"6,129.26"
TA21,"9,284.23"
TA22,"1,379.67"
TA23,"1,456.24"
TA24,"6,084.95"
TA3,"6,341.90"
TA4,"6,770.70"
TA5,"4,405.53"
TA6,"11,868.76"
TA7,"10,555.77"
TA8,"5,706.88"
TA9,"3,462.38"
TD1,"4,203.53"
TD10,674.238976
TD11,"5,999.79"
TD12,"3,847.24"
TD13,290.5602677
TD14,"2,117.21"
TD15,"6,788.62"
TD2,557.8438759
TD3,"1,211.01"
TD4,315.9001881
TD5,"5,291.85"
TD6,"2,521.76"
TD7,"1,482.01"
TD8,920.4044448
TD9,"4,754.13"
TF1,"8,266.92"
TF10,"6,862.55"
TF11,"5,320.11"
TF12,"2,209.82"
TF13,"1,814.75"
TF2,"8,289.53"
TF3,"2,654.72"
TF4,"2,390.23"
TF5,457.5842608
TF6,"1,180.22"
TF7,"1,247.38"
TF8,733.2212165
TF9,"12,107.15"
TN1,"1,672.63"
TN10,471.7158505
TN11,"1,424.10"
TN12,"15,405.71"
TN13,"5,565.33"
TN14,"5,215.28"
TN15,"6,871.82"
TN16,"4,824.18"
TN17,"7,996.45"
TN18,"1,807.36"
TN19,"1,857.49"
TN2,"4,283.91"
TN20,625.9147084
TN21,"6,225.43"
TN22,"7,843.44"
TN23,"6,437.30"
TN24,"4,287.90"
TN25,"3,703.23"
TN26,"1,833.76"
TN27,"5,442.37"
TN28,"2,391.28"
TN29,"3,851.24"
TN3,"1,226.20"
TN30,"4,137.57"
TN31,"4,207.19"
TN32,"2,422.54"
TN33,"5,026.91"
TN34,"2,508.25"
TN35,"1,621.23"
TN36,421.5591239
TN37,"2,054.76"
TN38,"2,617.09"
TN39,"4,724.81"
TN4,"4,170.93"
TN40,"2,947.76"
TN5,"1,655.17"
TN6,"3,699.57"
TN7,296.1846378
TN8,"2,373.24"
TN9,"1,804.90"
TQ1,"4,585.88"
TQ10,"1,350.45"
TQ11,"1,074.05"
TQ12,"13,879.08"
TQ13,"8,456.53"
TQ14,"3,781.12"
TQ2,"10,287.61"
TQ3,"6,834.33"
TQ4,"3,899.60"
TQ5,"5,700.52"
TQ6,"1,922.95"
TQ7,"6,790.93"
TQ8,"1,271.50"
TQ9,"10,339.91"
TR1,"10,309.16"
TR10,"1,879.90"
TR11,"8,269.62"
TR12,"1,851.30"
TR13,"5,916.23"
TR14,"8,263.74"
TR15,"5,316.88"
TR16,"3,943.79"
TR17,340.0423186
TR18,"3,398.76"
TR19,"2,177.19"
TR2,"5,492.71"
TR20,"2,157.75"
TR21,184.4476717
TR22,7.44139596
TR23,10.5697762
TR24,30.30757527
TR25,10.53304894
TR26,"4,815.51"
TR27,"6,356.74"
TR3,"2,991.51"
TR4,"3,748.27"
TR5,345.6530911
TR6,413.4701306
TR7,"6,509.10"
TR8,"4,266.53"
TR9,"5,710.40"
TS1,"3,507.04"
TS10,"4,239.47"
TS11,"2,314.96"
TS12,"3,567.40"
TS13,"1,028.66"
TS14,"3,047.86"
TS15,"2,981.13"
TS16,"2,003.53"
TS17,"8,458.43"
TS18,"2,568.27"
TS19,"2,609.10"
TS2,775.8044522
TS20,"2,474.37"
TS21,"1,892.99"
TS22,714.6931597
TS23,"5,149.33"
TS24,"1,675.62"
TS25,"3,983.08"
TS26,"2,533.13"
TS27,656.6818547
TS28,200.1179759
TS29,358.8935254
TS3,370.6005604
TS4,453.1008846
TS5,"3,323.24"
TS6,403.2371514
TS7,723.8197669
TS8,"1,305.07"
TS9,"4,571.80"
TW1,"2,933.12"
TW10,"2,980.51"
TW11,"3,926.66"
TW12,"3,775.84"
TW13,"3,649.61"
TW14,"1,882.10"
TW15,"3,607.69"
TW16,"3,774.67"
TW17,"3,100.86"
TW18,"5,300.30"
TW19,"1,831.92"
TW2,"2,937.91"
TW20,"6,331.82"
TW3,"1,672.37"
TW4,"1,109.72"
TW5,"1,078.35"
TW6,71.50938131
TW7,"2,791.89"
TW8,"1,141.17"
TW9,"4,966.45"
UB1,"1,576.42"
UB10,"3,022.27"
UB11,19.93040143
UB2,"1,525.89"
UB3,"3,830.88"
UB4,"2,013.34"
UB5,"3,056.62"
UB6,"2,643.85"
UB7,"2,014.87"
UB8,"2,277.23"
UB9,"2,936.40"
W10,"1,768.67"
W11,"2,694.19"
W12,"2,384.28"
W13,"2,169.00"
W14,"2,619.75"
W1A,1.227162017
W1B,98.5014783
W1C,41.41245965
W1D,149.5093248
W1F,163.0008059
W1G,515.6390619
W1H,"1,065.32"
W1J,401.1032108
W1K,609.591462
W1S,152.7850017
W1T,638.4101262
W1U,738.2733194
W1W,358.0811393
W2,"4,606.91"
W3,"2,073.34"
W4,"4,158.66"
W5,"2,321.65"
W6,"2,845.09"
W7,"2,085.54"
W8,"1,883.03"
W9,"1,952.86"
WA1,"1,974.86"
WA10,"1,885.26"
WA11,"3,703.54"
WA12,"2,004.40"
WA13,"1,864.87"
WA14,"2,638.73"
WA15,"3,435.82"
WA16,"5,132.64"
WA2,"2,664.90"
WA3,"6,827.80"
WA4,"9,527.42"
WA5,"8,669.73"
WA6,"7,101.96"
WA7,"10,208.09"
WA8,"7,555.96"
WA9,"13,027.93"
WC1A,38.40889491
WC1B,58.55713365
WC1E,75.10343737
WC1H,403.1459056
WC1N,226.886032
WC1R,27.82206495
WC1V,9.823025716
WC1X,359.5470543
WC2A,13.00927386
WC2B,31.88866375
WC2E,42.04148039
WC2H,79.05157773
WC2N,54.10940345
WC2R,12.46575972
WD17,"4,928.30"
WD18,"2,057.00"
WD19,"3,872.05"
WD23,"4,237.14"
WD24,"2,669.93"
WD25,"2,668.31"
WD3,"5,839.77"
WD4,"1,605.18"
WD5,"1,836.56"
WD6,"2,676.91"
WD7,"3,021.30"
WF1,"6,137.25"
WF10,"7,843.88"
WF11,"1,499.66"
WF12,"10,001.91"
WF13,"2,982.44"
WF14,"1,527.65"
WF15,"1,299.77"
WF16,558.8456642
WF17,"3,194.94"
WF2,"11,993.92"
WF3,"3,916.79"
WF4,"3,354.85"
WF5,"2,319.99"
WF6,"1,377.09"
WF7,"2,913.35"
WF8,"4,751.81"
WF9,"6,173.02"
WN1,"2,120.96"
WN2,"6,355.55"
WN3,"2,169.88"
WN4,"4,068.12"
WN5,"4,392.88"
WN6,"4,103.53"
WN7,"6,711.70"
WN8,"4,293.20"
WR1,"1,529.69"
WR10,"5,634.24"
WR11,"9,438.07"
WR12,"2,513.90"
WR13,"1,780.67"
WR14,"6,983.48"
WR15,"6,885.74"
WR2,"7,022.08"
WR3,"3,026.08"
WR4,"4,421.61"
WR5,"5,537.08"
WR6,"3,807.00"
WR7,"1,682.79"
WR8,"3,462.75"
WR9,"10,329.59"
WS1,"1,790.39"
WS10,"1,852.47"
WS11,"5,415.05"
WS12,"2,691.47"
WS13,"8,484.34"
WS14,"6,493.85"
WS15,"8,725.38"
WS2,"2,912.97"
WS3,"7,445.15"
WS4,"1,512.44"
WS5,"1,228.87"
WS6,"1,264.15"
WS7,"5,794.87"
WS8,"3,501.40"
WS9,"4,182.79"
WV1,"2,775.63"
WV10,"3,894.02"
WV11,"2,474.39"
WV12,"3,122.55"
WV13,"1,375.20"
WV14,"2,529.19"
WV15,"2,771.83"
WV16,"6,282.23"
WV2,"3,200.02"
WV3,"4,421.27"
WV4,"3,879.11"
WV5,"2,826.44"
WV6,"7,760.84"
WV7,649.3937411
WV8,"2,722.92"
WV9,443.6949663
YO1,"2,351.44"
YO10,"5,696.52"
YO11,"2,245.54"
YO12,"5,168.20"
YO13,"1,967.58"
YO14,"2,596.45"
YO15,"3,702.97"
YO16,"3,716.87"
YO17,"5,327.97"
YO18,"7,199.47"
SN38,0
SN99,0
SO97,0
SR9,0
SS99,0
ST55,0
SW95,0
SY99,0
WA55,0
WA88,0
WD99,0
WF90,0
WR99,0
YO19,"6,194.36"
YO21,"5,201.40"
YO22,"1,971.31"
YO23,"3,584.23"
YO24,"6,682.08"
YO25,"10,112.60"
YO26,"9,220.54"
YO30,"5,660.64"
YO31,"4,337.81"
YO32,"5,595.20"
YO41,"3,196.74"
YO42,"5,424.34"
YO43,"6,086.83"
YO51,"1,777.57"
YO60,"3,934.39"
YO61,"12,043.33"
YO62,"7,248.41"
YO7,"4,770.97"
YO8,"5,115.47"
ZE1,"1,895.51"
ZE2,"4,586.34"
ZE3,105.0080493
YO90,0
